href,price,title
/cd/efaec735afafa9b2x.htm#fr_page=list&fr_pos=city&fr_no=0,3.68,大众 宝来 2011款 1.4T 自动舒适型
/dg/e10c7533decf1e7ex.htm#fr_page=list&fr_pos=city&fr_no=1,9.60,福特 蒙迪欧 2013款 1.5L GTDi180时尚型
/cd/fac7e1e86f922526x.htm#fr_page=list&fr_pos=city&fr_no=2,3.10,雪佛兰 科鲁兹 2010款 1.6L SL天地版 MT
/sy/daea642872e777eex.htm#fr_page=list&fr_pos=city&fr_no=3,3.58,奔腾B70 2009款 2.0L 自动豪华型
/km/0c0e1a3516945ff9x.htm#fr_page=list&fr_pos=city&fr_no=4,4.99,福特 福克斯 2012款 两厢 1.6L 自动舒适型
/nb/9f97d8815c5ea368x.htm#fr_page=list&fr_pos=city&fr_no=5,8.32,福特 蒙迪欧 2013款 1.5L GTDi180时尚型
/su/5b63e3dd9836da3ax.htm#fr_page=list&fr_pos=city&fr_no=6,6.48,大众POLO 2016款 1.6L 自动舒适型
/sh/b62455f26f472801x.htm#fr_page=list&fr_pos=city&fr_no=7,19.50,奥迪Q5 2016款 40 TFSI 技术型
/xa/bab28e8d69496d7ex.htm#fr_page=list&fr_pos=city&fr_no=8,6.50,别克 君威 2010款 2.0L 世博版
/luoyang/a60c58140fd7a079x.htm#fr_page=list&fr_pos=city&fr_no=9,1.68,现代 雅绅特 2008款 1.4手动舒适型
/su/d5312935c6ad4e08x.htm#fr_page=list&fr_pos=city&fr_no=10,4.38,中华V3 2016款 1.5L 自动智能型
/weifang/cc767e82edb91310x.htm#fr_page=list&fr_pos=city&fr_no=11,8.98,大众 速腾 2014款 1.4TSI 自动豪华型
/dg/44934af6d0f132bcx.htm#fr_page=list&fr_pos=city&fr_no=12,8.80,福特 翼虎 2015款 1.5L GTDi 两驱风尚型
/sy/166e8a36790bc79cx.htm#fr_page=list&fr_pos=city&fr_no=13,12.58,丰田 汉兰达 2009款 2.7L 两驱7座豪华版
/su/8a21f0d72d316269x.htm#fr_page=list&fr_pos=city&fr_no=14,11.80,大众 帕萨特 2015款 1.4TSI DSG尊荣版
/sy/2d0bf96a6f898271x.htm#fr_page=list&fr_pos=city&fr_no=15,4.88,中华V5 2014款 1.6L 自动舒适型
/tj/d7759c4aaad2db76x.htm#fr_page=list&fr_pos=city&fr_no=16,7.90,福特 蒙迪欧 2013款 1.5L GTDi180时尚型
/xa/4bbf8b53ea859059x.htm#fr_page=list&fr_pos=city&fr_no=17,5.50,现代ix35 2010款 2.4L 自动四驱领航版GLS
/zz/11004ea94465c6bcx.htm#fr_page=list&fr_pos=city&fr_no=18,20.28,奔驰GLK级 2013款 GLK 300 4MATIC 动感天窗型
/sz/96506be4b0e4a05fx.htm#fr_page=list&fr_pos=city&fr_no=19,12.68,宝马X1 2013款 sDrive20i 运动设计套装
/dl/52ad1083700db1dcx.htm#fr_page=list&fr_pos=city&fr_no=20,3.68,别克 凯越 2013款 1.5L 自动经典型
/tj/5b6169a10578f3abx.htm#fr_page=list&fr_pos=city&fr_no=21,2.90,标致307 2010款 两厢 1.6L 自动豪华版
/sh/ffe9458a9958895ex.htm#fr_page=list&fr_pos=city&fr_no=22,13.98,别克 君越 2016款 28T 豪华型
/ty/2a92332fd75795dex.htm#fr_page=list&fr_pos=city&fr_no=23,6.17,雪佛兰 科沃兹 2019款 320 自动欣享天窗版
/cd/7f01ff86044aa1d4x.htm#fr_page=list&fr_pos=city&fr_no=24,3.28,马自达3 2012款 1.6L 手动经典特惠型
/cd/18a10ac8f2283625x.htm#fr_page=list&fr_pos=city&fr_no=25,3.98,大众POLO 2011款 1.4L 自动致尚版
/ty/c3e4a94a948e3207x.htm#fr_page=list&fr_pos=city&fr_no=26,3.90,哈弗H1 2016款 红标 1.5L AMT舒适型
/cq/5996a23f3528a84ex.htm#fr_page=list&fr_pos=city&fr_no=27,7.20,奔驰B级 2009款 B 200 动感型(进口)
/nn/c3dba00a5bb0a7b1x.htm#fr_page=list&fr_pos=city&fr_no=28,9.30,斯巴鲁XV 2014款 2.0i 豪华导航版
/sz/868e1152940567ffx.htm#fr_page=list&fr_pos=city&fr_no=29,9.52,马自达CX-5 2013款 2.0L 自动两驱舒适型
/nj/cf950cbbb28dba45x.htm#fr_page=list&fr_pos=city&fr_no=30,10.80,奔驰C级 2011款 C 200 CGI 时尚型
/ty/2c5409ccea1ce8aax.htm#fr_page=list&fr_pos=city&fr_no=31,3.10,奔腾B70 2011款 2.0L 自动智领型
/bj/b1ff0544cc8eb090x.htm#fr_page=list&fr_pos=city&fr_no=32,16.68,奔驰GLK级 2013款 GLK 300 4MATIC 动感型
/sh/1f5343370ab6a484x.htm#fr_page=list&fr_pos=city&fr_no=0,4.60,马自达3 2010款 两厢 1.6自动豪华型(进口)
/jinhua/2fc22bbf4a8d202fx.htm#fr_page=list&fr_pos=city&fr_no=33,5.18,别克 昂科拉 2013款 1.4T 自动两驱精英型
/dl/ce0699690586217dx.htm#fr_page=list&fr_pos=city&fr_no=34,4.45,雪佛兰 2018款 赛欧3 1.3L AMT理想版
/bj/85158c1aa1794b15x.htm#fr_page=list&fr_pos=city&fr_no=35,10.90,本田 LIFE 2021款 1.5L CVT SPO-SS灵动版
/sjz/92540d93e357838dx.htm#fr_page=list&fr_pos=city&fr_no=36,10.30,丰田 卡罗拉 2016款 双擎 1.8L CVT精英版
/nj/32b9d4dae4ff7ee5x.htm#fr_page=list&fr_pos=city&fr_no=37,10.99,别克 君越 2013款 2.4L SIDI精英舒适型
/hz/9db44e423061c338x.htm#fr_page=list&fr_pos=city&fr_no=38,6.90,别克 昂科拉 2015款 1.4T 自动两驱都市领先型
/sy/cf98a168e6fde075x.htm#fr_page=list&fr_pos=city&fr_no=39,4.28,中华V3 2016款 1.5L 手动舒适型
/sjz/1e70e7c9ea89c347x.htm#fr_page=list&fr_pos=city&fr_no=0,10.28,别克GL8 2014款 2.4L 经典版
/cs/d273ec71d359934ex.htm#fr_page=list&fr_pos=city&fr_no=1,3.10,雪佛兰 科鲁兹 2013款 1.6L SL天窗版 MT
/hrb/8ae6e57cdcfc6122x.htm#fr_page=list&fr_pos=city&fr_no=2,5.00,传祺GS5 2012款 2.0L 自动两驱周年纪念版
/su/761743de55c109aax.htm#fr_page=list&fr_pos=city&fr_no=3,8.40,别克 威朗 2018款 三厢 15S 自动领先型
/sh/f39f37e95bc6da18x.htm#fr_page=list&fr_pos=city&fr_no=4,7.98,奔驰C级 2010款 C 200 CGI 优雅型
/bj/359102d455635197x.htm#fr_page=list&fr_pos=city&fr_no=5,14.90,凯迪拉克ATS-L 2014款 25T 时尚型
/sz/362f9a7a2d07d974x.htm#fr_page=list&fr_pos=city&fr_no=6,9.00,现代 名图 2014款 1.8L 自动智能型GLS
/xa/4c6347414da5a6e4x.htm#fr_page=list&fr_pos=city&fr_no=7,15.00,丰田 汉兰达 2009款 3.5L 四驱7座至尊版
/gz/752bf244199a3100x.htm#fr_page=list&fr_pos=city&fr_no=8,3.80,长安 逸动 2012款 1.6L 自动尊贵型 国IV
/weifang/6f0dfe39c204c3bcx.htm#fr_page=list&fr_pos=city&fr_no=9,9.98,福特 翼虎 2015款 1.5L GTDi 两驱风尚型
/sz/933bff37b818d712x.htm#fr_page=list&fr_pos=city&fr_no=10,24.80,奔驰C级 2015款 改款 C 200 L
/cq/8db043a964faa97dx.htm#fr_page=list&fr_pos=city&fr_no=11,7.68,现代 名图 2014款 1.8L 自动尊贵型DLX
/fz/fae94df3bc5b012dx.htm#fr_page=list&fr_pos=city&fr_no=12,3.50,福特 福克斯 2011款 两厢 1.8L 自动时尚型
/cd/dd82a06fe47e742cx.htm#fr_page=list&fr_pos=city&fr_no=13,22.10,奔驰GLK级 2015款 GLK 260 4MATIC 动感型 极致版
/cq/e31c4440838ca43cx.htm#fr_page=list&fr_pos=city&fr_no=14,1.98,奇瑞 风云2 2013款 两厢 1.5L 手动锐意版
/sh/6e075bf43a3ec633x.htm#fr_page=list&fr_pos=city&fr_no=0,16.68,丰田 RAV4 2019款 2.0L CVT两驱先锋版 国VI
/bj/e2adc839236e4741x.htm#fr_page=list&fr_pos=city&fr_no=1,17.00,大众CC 2016款 2.0TSI 豪华型
/hrb/37d96d9c2f76bc72x.htm#fr_page=list&fr_pos=city&fr_no=2,0.48,海马爱尚 2012款 1.0L 豪华型
/km/71fbe01b89c0b705x.htm#fr_page=list&fr_pos=city&fr_no=3,4.50,荣威360 2018款 PLUS 1.5L 手动尊享版
/dl/6cf5489a601b15d3x.htm#fr_page=list&fr_pos=city&fr_no=4,2.50,
/km/b4f32fd9bcf6451ax.htm#fr_page=list&fr_pos=city&fr_no=5,8.68,起亚 智跑 2016款 2.0L 自动两驱版GL
/cq/85fd065fe1456b21x.htm#fr_page=list&fr_pos=city&fr_no=6,5.98,斯柯达 昕锐 2016款 1.6L 自动前行版
/zz/8534cf0ab34f3c64x.htm#fr_page=list&fr_pos=city&fr_no=7,5.60,大众 捷达 2015款 1.6L 自动舒适型
/cc/c4246a5adb53c3d0x.htm#fr_page=list&fr_pos=city&fr_no=8,9.50,马自达 阿特兹 2014款 2.0L 蓝天豪华版
/wx/257d6688afebe990x.htm#fr_page=list&fr_pos=city&fr_no=9,11.98,雪佛兰 迈锐宝XL 2016款 2.5L 自动锐尊版
/cd/cb0e51cac6940119x.htm#fr_page=list&fr_pos=city&fr_no=10,9.00,大众 高尔夫 2015款 1.4TSI 自动豪华型
/sy/dc54d647ffd9c32ax.htm#fr_page=list&fr_pos=city&fr_no=11,7.98,本田 飞度 2018款 1.5L CVT舒适天窗版
/yangzhou/9394431654116e99x.htm#fr_page=list&fr_pos=city&fr_no=12,5.80,福特 福睿斯 2017款 改款 1.5L 手动舒适型
/su/a8683cadaece0dc2x.htm#fr_page=list&fr_pos=city&fr_no=13,11.50,福特 蒙迪欧 2017款 EcoBoost 180 时尚型
/wx/0665ce4d96d7b299x.htm#fr_page=list&fr_pos=city&fr_no=14,13.98,本田 雅阁 2016款 2.0L 舒适版
/gz/03d528f34384b880x.htm#fr_page=list&fr_pos=city&fr_no=15,7.65,东风风度 风度MX6 2015款 2.0L CVT两驱梦想版
/dl/344f2a4eb5e1f4d5x.htm#fr_page=list&fr_pos=city&fr_no=16,29.50,奔驰GLC级 2016款 GLC 260 4MATIC 动感型
/tj/62880f9f4c3a1a01x.htm#fr_page=list&fr_pos=city&fr_no=17,7.80,丰田 YARiS L 致享 2019款 1.5E CVT魅动版 国VI
/wx/9c317b951c0dd03ex.htm#fr_page=list&fr_pos=city&fr_no=18,5.50,东风风光580 2017款 1.5T CVT舒适型
/xa/46eda2dc56317adax.htm#fr_page=list&fr_pos=city&fr_no=19,5.60,大众 捷达 2015款 质惠版 1.6L 自动时尚型
/nj/6f928b26fc2a004bx.htm#fr_page=list&fr_pos=city&fr_no=20,10.60,奔驰C级 2010款 C 200 CGI 优雅型
/km/d20c121d4f3b2a13x.htm#fr_page=list&fr_pos=city&fr_no=21,4.18,福特 福克斯 2012款 三厢 1.6L 自动舒适型
/quanzhou/09b221ee4d7334c9x.htm#fr_page=list&fr_pos=city&fr_no=22,4.98,福特 福克斯 2012款 三厢 1.6L 自动舒适型
/jinhua/bdf8fc99407d26b8x.htm#fr_page=list&fr_pos=city&fr_no=23,9.98,福特 蒙迪欧 2013款 2.0L GTDi200豪华型
/gz/b29a7517c5d0cd9ex.htm#fr_page=list&fr_pos=city&fr_no=24,1.45,雪佛兰 乐风 2007款 1.4 SL AT
/nb/a7c410c879dae56dx.htm#fr_page=list&fr_pos=city&fr_no=25,4.80,福特 福克斯 2012款 两厢 1.6L 自动舒适型
/bj/16695e68ccac2f10x.htm#fr_page=list&fr_pos=city&fr_no=26,18.50,奥迪A6L 2012款 TFSI 标准型
/zz/ca26a87bf4681ba8x.htm#fr_page=list&fr_pos=city&fr_no=27,11.50,大众 途观 2015款 1.8TSI 自动两驱舒适版
/bj/b060fb98c69060a9x.htm#fr_page=list&fr_pos=city&fr_no=1,18.38,奔驰CLA级 2016款 CLA 200 时尚型(进口)
/cd/af787ccc9df7fc1ax.htm#fr_page=list&fr_pos=city&fr_no=2,14.58,日产 奇骏 2017款 2.0L CVT舒适版 2WD
/sh/7d682d649772632dx.htm#fr_page=list&fr_pos=city&fr_no=3,3.50,丰田 威驰 2008款 1.6L GL-i 特别纪念版 AT
/jn/a50d050cd0a8fc2ax.htm#fr_page=list&fr_pos=city&fr_no=4,3.98,现代 瑞纳 2014款 1.4L 自动智能型GLS
/luoyang/9f95cbb9800e1ec4x.htm#fr_page=list&fr_pos=city&fr_no=5,6.54,大众 桑塔纳 2015款 浩纳 1.6L 自动舒适型
/gz/cf19e81048929a76x.htm#fr_page=list&fr_pos=city&fr_no=6,3.98,奇瑞 瑞虎3 2014款 1.6L CVT智尚版
/nn/9b392f4375da3b66x.htm#fr_page=list&fr_pos=city&fr_no=7,27.90,奔驰GLC级 2016款 GLC 200 4MATIC
/cd/2825056bf242498cx.htm#fr_page=list&fr_pos=city&fr_no=8,12.68,MINI Countryman 2011款 1.6L COOPER Fun
/yangzhou/9d1c7b64b9a55de6x.htm#fr_page=list&fr_pos=city&fr_no=9,6.30,斯柯达 晶锐 2017款 1.4L 自动车享版
/qd/8b4b4dc7e62c73d9x.htm#fr_page=list&fr_pos=city&fr_no=10,3.58,奇瑞 瑞虎3 2014款 1.6L CVT智尚版
/sy/81bc815a56bb5d8ax.htm#fr_page=list&fr_pos=city&fr_no=11,6.58,东风风行 景逸X5 2017款 乐享系列 1.6L CVT豪华型
/sjz/19103b68ab4220cdx.htm#fr_page=list&fr_pos=city&fr_no=12,6.38,福特 福克斯 2012款 两厢 1.6L 自动风尚型
/linfen/b8d80172f3f264e9x.htm#fr_page=list&fr_pos=city&fr_no=13,6.50,丰田 YARiS L 致享 2017款 1.5E CVT魅动版
/gy/bb397f0b25345caex.htm#fr_page=list&fr_pos=city&fr_no=14,20.68,捷豹XF 2015款 XF 2.0T 风华版
/sh/b0545c8c09c46412x.htm#fr_page=list&fr_pos=city&fr_no=15,16.98,别克 君威 2017款 GS 28T 尊贵型
/dl/2ffb289e2a387b33x.htm#fr_page=list&fr_pos=city&fr_no=16,6.98,本田 飞度 2016款 1.5L LXS CVT舒适天窗版
/wx/ec78816f9fd20dd0x.htm#fr_page=list&fr_pos=city&fr_no=17,4.80,大众POLO 2013款 1.6L 自动舒适版
/baotou/d27d41cf6d1f21d8x.htm#fr_page=list&fr_pos=city&fr_no=18,4.50,斯柯达 明锐 2010款 1.4TSI DSG逸俊版
/wx/49e97f4b9a2f459ex.htm#fr_page=list&fr_pos=city&fr_no=19,25.28,宝马3系 2019款 320Li 时尚型
/km/b6b168d5e2f8553fx.htm#fr_page=list&fr_pos=city&fr_no=15,6.48,丰田 威驰 2017款 1.5L CVT创行版
/km/39fa66c28f1a546fx.htm#fr_page=list&fr_pos=city&fr_no=16,5.38,斯柯达 昕动 2016款 改款 1.6L 手动创行版
/nc/0d8e99d3768379f7x.htm#fr_page=list&fr_pos=city&fr_no=17,4.28,斯柯达 昕锐 2016款 1.4L 手动前行版
/nj/c93dd96e08d18254x.htm#fr_page=list&fr_pos=city&fr_no=18,3.20,斯柯达 晶锐 2011款 1.4L 自动晶致版
/nj/f43888d015c7f786x.htm#fr_page=list&fr_pos=city&fr_no=19,17.50,别克GL8 2015款 2.4L 豪华商务尊享版
/sy/7d022ef2e62964d5x.htm#fr_page=list&fr_pos=city&fr_no=20,4.88,大众 捷达 2015款 质惠版 1.6L 手动时尚型
/bj/65670accbceeeb04x.htm#fr_page=list&fr_pos=city&fr_no=21,14.30,大众 迈腾 2017款 280TSI DSG 舒适型
/ty/2060d7b983ce15b5x.htm#fr_page=list&fr_pos=city&fr_no=22,6.80,别克 英朗 2019款 15T 双离合互联精英型 国VI
/su/caaf6fd5c7602225x.htm#fr_page=list&fr_pos=city&fr_no=23,4.60,Smart smart fortwo 2012款 1.0 MHD 硬顶标准版
/zhuhai/ca157188c2cbbaefx.htm#fr_page=list&fr_pos=city&fr_no=24,7.70,日产 轩逸 2014款 1.6XV CVT尊享版
/liaocheng/ba1bb2cd01a00f32x.htm#fr_page=list&fr_pos=city&fr_no=25,5.45,启辰T70 2015款 2.0L CVT睿享版
/bj/25101bb8e5db046bx.htm#fr_page=list&fr_pos=city&fr_no=26,30.00,奔驰C级 2019款 C 260 L 4MATIC 运动版
/su/776d399b725b7aaex.htm#fr_page=list&fr_pos=city&fr_no=27,13.50,斯柯达 柯迪亚克 2018款 改款 TSI330 5座两驱豪华优享版
/sz/1a131b1cb917691cx.htm#fr_page=list&fr_pos=city&fr_no=28,15.88,丰田 锐志 2013款 2.5S 菁锐版
/sy/3da8572a560a4f01x.htm#fr_page=list&fr_pos=city&fr_no=29,9.98,马自达 昂克赛拉 2017款 三厢 1.5L 自动舒适型 国V
/nantong/c4e18caee7f42627x.htm#fr_page=list&fr_pos=city&fr_no=28,14.80,沃尔沃XC60 2014款 改款 T5 智逸版(进口)
/dl/2d43c8d9e534e3cax.htm#fr_page=list&fr_pos=city&fr_no=29,5.98,别克 君威 2012款 2.0L 舒适版
/wx/e64da3350a13998ax.htm#fr_page=list&fr_pos=city&fr_no=30,4.70,Smart smart fortwo 2009款 1.0 MHD 敞篷 style版
/wx/f1c121dbcb7d813ex.htm#fr_page=list&fr_pos=city&fr_no=31,19.98,宝马5系 2013款 525Li 豪华型
/luoyang/00af607b66359668x.htm#fr_page=list&fr_pos=city&fr_no=32,5.78,福特 致胜 2013款 2.3L 时尚型
/xm/dd4b84599b7cb5a1x.htm#fr_page=list&fr_pos=city&fr_no=33,1.58,现代 雅绅特 2008款 1.4手动舒适型
/zz/dbe66abb4989e6cax.htm#fr_page=list&fr_pos=city&fr_no=34,15.80,别克GL8 2014款 3.0L GT豪华商务豪雅版
/sjz/1e70e7c9ea89c347x.htm#fr_page=list&fr_pos=city&fr_no=35,10.28,别克GL8 2014款 2.4L 经典版
/bj/e2adc839236e4741x.htm#fr_page=list&fr_pos=city&fr_no=36,17.00,大众CC 2016款 2.0TSI 豪华型
/hrb/37d96d9c2f76bc72x.htm#fr_page=list&fr_pos=city&fr_no=37,0.48,海马爱尚 2012款 1.0L 豪华型
/km/71fbe01b89c0b705x.htm#fr_page=list&fr_pos=city&fr_no=38,4.50,荣威360 2018款 PLUS 1.5L 手动尊享版
/dl/6cf5489a601b15d3x.htm#fr_page=list&fr_pos=city&fr_no=39,2.50,
/wx/d1086279bf1f02a4x.htm#fr_page=list&fr_pos=city&fr_no=20,14.18,大众 T-ROC探歌 2020款 280TSI DSG两驱舒适型
/sh/c365a1fd3ef3ea9fx.htm#fr_page=list&fr_pos=city&fr_no=21,11.80,大众 高尔夫 2015款 1.4TSI Sportsvan(进口)
/sy/147ff9a40ed2d291x.htm#fr_page=list&fr_pos=city&fr_no=22,4.18,中华H3 2017款 1.5L 手动精英型
/xa/eb42018fa98445c0x.htm#fr_page=list&fr_pos=city&fr_no=23,9.50,丰田 雷凌 2016款 1.6G CVT精英版
/bj/581c53ab25beb54dx.htm#fr_page=list&fr_pos=city&fr_no=24,23.50,路虎 揽胜极光 2016款 2.0T HSE DYNAMIC 致动版
/zz/ab66c60d506e0c7ax.htm#fr_page=list&fr_pos=city&fr_no=25,11.50,大众 凌渡 2019款 230TSI DSG风尚版 国VI
/zz/42e997e62fd1e5e9x.htm#fr_page=list&fr_pos=city&fr_no=26,4.68,宝骏730 2016款 1.5L 手动舒适型 7座 国V
/su/99ddc3be3ce40575x.htm#fr_page=list&fr_pos=city&fr_no=27,19.80,奥迪A3 2019款 Limousine 40 TFSI 运动型 国VI
/zz/3cd33382fdbc3c5cx.htm#fr_page=list&fr_pos=city&fr_no=28,21.90,宝马5系 2013款 520Li 典雅型
/changzhi/70f62905d2fdfa2ex.htm#fr_page=list&fr_pos=city&fr_no=29,21.50,奥迪Q5 2015款 40 TFSI 技术型
/jinhua/55525971eebba4e5x.htm#fr_page=list&fr_pos=city&fr_no=30,7.30,起亚K3 2016款 1.6L 自动天窗版
/tj/11e7f0d5bc0aac66x.htm#fr_page=list&fr_pos=city&fr_no=31,9.50,大众 速腾 2017款 180TSI 自动臻享版
/sh/6c2f107da303fad7x.htm#fr_page=list&fr_pos=city&fr_no=32,25.68,奔驰C级 2017款 改款 C 200 L 运动版
/foshan/5185d54c907e3a6ax.htm#fr_page=list&fr_pos=city&fr_no=33,12.68,日产 天籁 2016款 2.0L XE时尚版
/dg/e69423ca8695f246x.htm#fr_page=list&fr_pos=city&fr_no=34,16.80,丰田 凯美瑞 2018款 2.0E 精英版
/ty/3b1868340eee46f7x.htm#fr_page=list&fr_pos=city&fr_no=30,5.80,MG 名爵ZS 2020款 全球百万畅销款 1.5L 手动65寸巨幕天窗版
/baoding/2c7d79fedbce7938x.htm#fr_page=list&fr_pos=city&fr_no=31,10.80,日产 逍客 2016款 2.0L CVT精英版
/hf/911bcf63496463fbx.htm#fr_page=list&fr_pos=city&fr_no=32,8.45,丰田 雷凌 2017款 改款 185T CVT精英版 国V
/dl/1a2ab14d427d179dx.htm#fr_page=list&fr_pos=city&fr_no=33,5.60,雪佛兰 科沃兹 2016款 1.5L 自动欣悦版
/dl/45c10085c0467781x.htm#fr_page=list&fr_pos=city&fr_no=34,4.90,别克 凯越 2015款 1.5L 自动经典型
/xa/5d17abf33039aa37x.htm#fr_page=list&fr_pos=city&fr_no=35,12.00,大众 途观 2013款 1.8TSI 自动两驱舒适版
/su/63e6df6d0ef10676x.htm#fr_page=list&fr_pos=city&fr_no=36,29.80,雷克萨斯NX 2015款 300h 全驱 锋致版
/xm/9c622a3cdeb57357x.htm#fr_page=list&fr_pos=city&fr_no=37,7.90,大众 高尔夫 2012款 1.4TSI 自动舒适型
/jn/9c3194d57d87d8bax.htm#fr_page=list&fr_pos=city&fr_no=38,3.50,比速汽车 比速T3 2017款 1.3T 手动尊贵型
/hz/dc4208eb7b33fef2x.htm#fr_page=list&fr_pos=city&fr_no=39,12.00,大众 尚酷 2013款 1.4TSI GTS(进口)
/xm/5d5c66c7cb2afef2x.htm#fr_page=list&fr_pos=city&fr_no=35,1.98,奇瑞 瑞虎 2012款 经典版 1.6L 手动舒适型
/sy/cbd8453e5061f2f4x.htm#fr_page=list&fr_pos=city&fr_no=36,4.48,中华V3 2017款 1.5L 手动智能型
/bj/6f67881e4a89df21x.htm#fr_page=list&fr_pos=city&fr_no=37,19.38,MINI 2018款 1.5T ONE PLUS 五门版
/km/dc2f55b3cf4a85f1x.htm#fr_page=list&fr_pos=city&fr_no=38,83.60,玛莎拉蒂Ghibli 2019款 3.0T 350Hp 标准版 国VI
/dl/8dd00d2ee28f3f07x.htm#fr_page=list&fr_pos=city&fr_no=39,10.68,哈弗H6 2019款 1.5GDIT 自动豪华智联版 国VI
