express_fee,integer,price,rePurchaseRate,title
,42043,58.00,0.6923,2021夏季新款流行女装韩版时尚九分裤小个子两件套休闲洋气套装女
,118315,29.90,0.5294,外贸跨境2021欧美风亚马逊春季新款女装无袖修身高腰运动连体裤
,13047,38.00,0.4815,2021年夏季新款短袖t恤韩版潮女装大码宽松上衣女ins拼接显瘦衣服
,22541,15.00,0.7174,2019 WISH 速卖通爆款女装 星星印花纯色大码夏季休闲V领短袖T恤
,8585,26.00,0.9333,2021夏季新款韩版女装白色短袖t恤女大码宽松体恤打底印花上衣
,10075,29.00,0.1053,文艺格子棉麻T恤女宽松2021夏季新款女装套头圆领短袖上衣女式
,240862,58.00,0.6061,法式吊带裙2021年春季新款时尚气质女装碎花连衣裙时髦修身中长裙
,16767,79.00,0.0455,2021夏季套装女装韩系少女穿搭甜美气质两件套裙女神时尚洋气减龄
,158249,27.50,0.5591,EBAY热卖外贸欧美女装宽松连体阔脚裤 休闲连体裤
,3620,38.00,0.0833,2021新款女装心机t恤女春夏修身显瘦上衣短袖v领冰丝针织衫甜美女
,43923,69.00,0.3095,2021新款春秋韩版大码蕾丝时尚连衣裙女装长袖修身显瘦中长款长裙
,3770,49.00,0.7143,夏款女装2021年新款喇叭袖法式油画裙V领套头碎花连衣裙小个子
,1391,27.40,0.6154,衬衫女设计感条纹长袖上衣春季2021新款女装宽松中长款衬衣外套潮
,5574,53.00,0.2857,2021夏季新款大码女装 韩版宽松大码遮肉贴布两件套休闲套装女
,18328,50.00,0.16,春夏新款竖条纹宽松显瘦V领开衫上衣薄款亚麻休闲外套女装防晒衣
,132234,53.00,0.5422,X9189跨境专供 长袖印花外套披风紧身裤两件套亚马逊爆款欧美女装
,43444,60.00,0.3469,大裙摆上下身有内衬YM-8214 跨境欧美女装 印花雪纺性感V领连衣裙
,1772,36.00,0.5,欧洲站2021夏季女装ins潮韩版新款卡通短袖白色t恤女chic港味上衣
,3349,26.00,0.6923,实价 M-5XL大码女装t恤2021夏装前后印花宽松短袖T恤现货代发批发
,9251,62.72,0.625,初恋茶歇裙女2021春夏新款法式温柔气质雪纺碎花连衣裙小个子女装
,41690,25.00,0.4667,自主设计2020欧美女装新款亚马逊热销爆款圆领豹纹长袖T恤卫衣女
,8161,13.50,0.1818,不规则侧开叉短袖t恤女装春夏新款紧身复古西装内搭打底衫上衣
,1736,36.00,0.125,速卖通亚马逊欧美外贸爆款女装 单排扣棉麻吊带连衣裙
,1080,23.00,0.0,亚马逊女装2020春夏新款V领口袋T恤跨境欧美卷边短袖宽松上衣
,941,75.00,0.25,大码女装棉麻套装2021年新款胖mm宽松遮肚子上衣阔腿裤两件套夏装
,194,19.48,0.5,2021春季新款亚马逊跨境印花休闲宽松套头长袖女装上衣卫衣女
,307,47.00,0.0,早春茶歇法式连衣裙赫本风收腰显瘦气质复古吊带裙设计感外穿女装
,20299,28.00,0.4615,2019欧美外贸新款女装 wish亚马逊新款性感蕾丝勾花长袖V领连衣裙
,989,46.00,0.2222,欧美性感新款 夏季无袖亚马逊欧洲站女装 深V领休闲阔腿连体裤
,842,36.00,0.0,春秋2021新款女装白色镂空薄款圆领针织夏季上衣毛衣开衫外套外搭
,29689,57.00,0.5217,TS1068跨境货源新款欧美女装休闲罗纹长袖外套+修身连体裤两套装
,781,39.00,0.1667,JH227 亚马逊独立站跨境外贸时尚女装性感纯色绑带两件套中短裙
,2629,51.00,0.5,H1589 外贸跨境新品欧美女装春季新款字母刺绣两件套时尚休闲套装
,137,68.00,0.0,衬衫女韩范2021春秋装新款女装翻领长袖宽松上衣设计感假两件衬衣
,45,35.00,1.0,亚马逊外贸女装2020冬季新款跨境爆款印花休闲长袖连帽上衣卫衣潮
,872,28.00,1.0,2020外贸跨境时尚女装宽松棉麻印花长袖上衣8918
,371,55.00,0.3333,韩国东大门2021春季新品女装小清新纯色系扣短袖衬衫女显瘦上衣
,1882,49.00,0.4,大码女装连衣裙2021春装新款胖mm法式遮肚子收腰洋气减龄雪纺裙
,86,43.00,0.0,2021夏装新款女装韩版短袖宽松气质雪纺衬衣女印花蝙蝠袖显瘦上衣
,379,140.00,1.0,牛仔套装女夏2021新款女装时尚显瘦两件套连衣裙减龄套裙
,4359,65.00,0.0,大码胖mm连衣裙夏季女装2021新款韩版气质V领雪纺破点拼接中长款
,3031,48.00,0.4,A848欧美女装秋冬新款运动休闲两件套ebay亚马逊wish热销家居套装
,976,40.00,0.0,字母T恤2021夏季新款复古圆领泡泡袖法式气质上衣宽松显瘦女装
,15309,180.00,0.4286,2020夏季女装新款雪纺碎花V领荷叶边女神不规则修身连衣裙T10860
,406,56.00,0.0,大码女装2021微胖妹妹夏季新款设计感抽绳显瘦减龄心机方领连衣裙
,53859,19.99,0.125,2021亚马逊外贸新款春夏跨境爆款欧美女装拼色V领宽松T恤连衣裙
,243,48.00,0.3333,2021新款棉麻上衣女装百搭文艺大码显瘦宽松休闲格子短袖衬衫
,38,34.00,0.0,时尚洋气宽松黑色短袖T恤短款上衣欧洲站2021春夏女装新款欧货潮
,12133,20.00,0.625,shirt亚马逊爆款女装2020欧美秋季休闲纯色长袖纽扣上衣v领T血
,11429,57.00,0.087,弹力微喇裤子九分裤女韩版时尚女装休闲女裤春夏季新款2021喇叭裤
,2231,25.00,0.0,t恤女短袖2021夏季韩版圆领印花宽松大码女装t恤休闲上衣一件代发
,3031,28.00,0.0,白色短袖T恤女v领2021夏季新款女装宽松韩版竹节棉百搭女t桖上衣
,6649,14.00,0.0,外贸尾货女装清仓处理夏季女式短袖t恤韩版爆款女士半袖T恤特价批
,557,38.00,0.5,AL111 亚马逊独立站欧美女装连衣裙黑桃扑克泡泡裙中裙短袖撞色夏
,307,19.00,0.3333,2021韩范胖MM大码女装早春宽松百搭格子衬衫洋气外套中长款上衣
,4283,52.50,0.6667,雪纺长裙2020夏季新款大码女装沙滩裙修身显瘦短袖过膝度假连衣裙
,14710,51.00,1.0,LS6430 亚马逊国际站欧美女装春夏装 时尚性感网纱透视套装四件套
,40,33.00,0.0,2021夏季新款女装韩版圆领破洞卡通短袖T恤
,2151,111.00,0.25,实拍连衣裙女装夏季2021新款韩版气质气质格子拼接假两件A字裙
,934,69.00,0.0,2021年女装春秋轻熟赫本风小个子冷淡风可盐可甜连衣裙子两件套装
,1875,44.00,0.4444,跨境货源 2019新款欧美大码WISH亚马逊女装小脚牛仔裤子女
,504,25.50,0.625,2021亚马逊速卖通卡通猫印花宽松T恤大码女装连帽卫衣长款女上衣
,2979,23.00,0.5,2020向日葵中腰抽绳女装休闲长裤现货
,1439,22.00,0.5714,2020跨境欧美女装 加厚卫衣面料 运动休闲抽绳堆堆裤 有口袋
,7502,119.00,0.0909,2021夏季冰丝针织衫女圆领套头短袖女装T恤薄款打底毛衣工厂批发
,1171,69.00,0.5714,2019春季新款女装毛衣女 半高领针织衫长袖拼色爱心针织打底衫女
,1818,23.00,0.4545,亚马逊 速卖通 ebay 现货供应 欧美时尚修身露肩连衣裙外贸女装
,1012,35.00,0.5455,2020亚马逊欧美外贸女装时尚休闲印花套装修身套装
,8868,45.00,0.75,Q5239 跨境欧美女装亚马逊时尚印花图案休闲运动两件套短套装
,9440,28.00,1.0,2021夏季新款亚马逊跨境女装 波希米亚风领口镂空系绳短袖上衣 女
,7991,44.00,0.1,2021夏季新款外贸女装胖MM大码宽松舒适气质V领时尚长款连衣裙
,2170,40.00,0.1667,衬衫女春款女装2021年新款春装上衣设计感小众时尚女士蝴蝶结衬衣
,11461,60.00,0.566,欧美跨境ebay亚马逊热卖流行女装金属色宽松连帽卫衣防水女式外套
,798,19.00,0.0,2021夏艾安琪品牌折扣女装批发连衣裙杭州四季青实体店直播货源
,572,44.00,0.0,欧美2021春夏新款女装套头短袖TB撞色条纹圆领宽松针织上衣现货
,410,18.00,0.6667,翻领条纹衬衫女2021春夏新款韩版宽松大码女装设计感心机减龄上衣
,136,24.00,0.0,刺绣卡通女孩短袖t恤女2021夏季新款韩版宽松大码女装假两件上衣
,34,28.00,0.0,印花宽松短袖女装T恤D431
,83,28.00,0.0,2021夏季新款大码女装上衣棉麻短袖T恤女宽松复古体恤中长款小衫
,70,12.00,0.0,跨境大码女装 欧美高领上衣 WISH亚马逊高领袖短袖t恤女工厂批发
,49,24.00,0.0,夏季女装韩版宽松短袖单排扣开衫纯色上衣
,33243,87.00,0.4545,2021夏装新款大码女装胖妹妹遮肚显瘦洋气牛仔拼接假两件连衣裙
,678,32.00,0.0,9055欧美女装亚马逊wish纯色抽绳无袖罗纹腰部绑带休闲两件套代发
,362,51.00,0.2,连衣裙套装2021早春新款女装两件套装裙子设计感夏气质显瘦女神范
,1887,81.00,0.6667,2021夏装新款韩版女装时尚OL气质蕾丝镂空上衣系带包臀裙三件套装
,46,23.00,0.0,2021新款亚马逊wish欧美跨境女装圆领休闲时尚印花宽松背心T恤
,864,65.00,0.1111,女装夏装2021年新款吊带连衣裙夏天今年流行白色裙子爆款显瘦长裙
,619,26.00,0.5385,2021跨境外贸爆款女装外贸女装时尚高腰撞色  拼接束脚休闲裤女裤
,101898,19.90,0.4217,2021春夏新款女装阔腿裤莫代尔显瘦休闲喇叭裤女潮牌百搭甩腿裤
,4250,28.00,0.4722,夏季欧美时尚性感V领低胸吊带露背女士雪纺裙波西米亚连衣裙女装
,60,12.00,1.0,2021夏季新款韩版修身短款高腰时尚气质短袖T恤女潮学生上衣女装
,3197,36.00,0.5714,跨境wish亚马逊 eBay女装牛仔裤系带水洗收脚灯笼牛仔长裤女
,10478,10.00,0.6667,短袖t恤女2020年新款春夏宽松卡通印花学生上衣大码女装ins潮
,603,59.00,0.0,印花棉短袖t恤女ins潮2021新款夏季宽松女装胖mm遮肉显瘦半袖上衣
,1850,59.00,0.1667,大码女装2021夏季新款胖mm时尚气质减龄显瘦蕾丝拼接中长款连衣裙
,26224,17.00,0.5135,欧美跨境女装秋季新款亚马逊wish速卖通热卖一字肩带喇叭袖t恤女
,4559,45.00,0.0,实拍2021夏季新款文艺休闲大码宽松女装中长款短袖气质牛仔连衣裙
,2914,12.00,0.4,2020夏季亚马逊wish欧美跨境女装 宽松圆领短袖印花扎染T恤上衣女
,102129,36.90,0.6889,2021春夏新款女装v领冰丝针织开衫女短款纯色长袖外套夏季空调衫
,631,20.00,0.5,2021跨境女装速卖通套头V领欧美风印花街头潮人短袖宽松T恤厂家
,9118,15.00,0.5,韩版女装 2021新款 法式设计感荷叶边修身显瘦短袖 法式衬衫女
,67,31.00,0.0,微胖夏装2021新款女v领修身性感短款针织上衣胖mm网红系列t恤女装
,34362,14.00,0.4286,2021夏季新款欧美女装亚马逊爆款裤子高腰短裤纽扣系带短裤女裤子
,37,51.88,0.0,蝴蝶浅色牛仔裤女宽松大码高腰直筒显瘦阔腿休闲裤子胖妹妹女装潮
,267,38.00,0.75,2020亚马逊独立站欧美女装新款V领镂空刺绣罩衫短袖连衣裙现货
,1558,44.62,0.0,2021春季新款镂空针织衫外套女装娃娃领短款洋气减龄外穿毛衣开衫
,53,50.49,0.0,爱穿漂亮裙子的女孩白底小玫瑰2021春季韩版女装温柔方领连衣裙潮
,1901,33.00,0.2727,2021韩版夏装新款女装时尚重工个性镂空红色t恤女短袖宽松上衣潮
,17823,19.00,0.2857,2021夏季外贸时尚露肩袖露脐上衣短裤两件套亚马逊爆款欧美女装
,2714,21.00,0.6111,2020欧美跨境女装wish亚马逊扎染条纹印花长袖T恤V领拉链上衣女
,28,26.00,0.0,2021夏季韩版新款字母印花短袖t恤女宽松大码女装蕾丝拼接打底衫
,779,40.00,0.8,外贸女装2020秋季新款法式复古方领长袖收腰连衣裙
,26136,69.00,0.5,2020夏新款欧美外贸女装亚马逊V领短袖镂空单排扣蕾丝连衣裙新款
,2467,23.00,0.15,2021时尚潮流女装遮肚洋气名媛气质雪纺长袖衬衫
,3988,8.00,0.5,批发2020夏季新款韩版条纹短袖t恤女士宽松衣服上衣女装一件代发
,3666,69.00,0.0,2021年春夏新款大码女装胖mm夏装连衣裙套装胖妹妹显瘦两件套
,3228,82.00,0.4,新款女装两件套韩版西服上衣短裤套装小个子休闲气质显瘦短袖纯色
,3300,39.00,0.4286,丝绸缎面真丝2021春夏季女装新款印花桑蚕丝韩版宽松上衣短袖t恤
,18529,55.00,0.75,连衣裙夏2021新款女 名媛收腰显瘦红色长款大摆波点雪纺长裙女装
,1814,46.00,0.5833,跨境爆款 2020ebay亚马逊wish热销女装多种印花连衣裙 衬衣长裙
,154,23.00,0.0,夏季T恤女装韩版百搭短袖宽松大码黑白条纹显瘦针织上衣女打底衫
,1068,36.00,0.3077,2019欧美女装秋冬新款亚马逊女装ebay爆款时尚侧拉链外套长款卫衣
,934,24.00,0.5,2019亚马逊ebay 速卖通欧美渐变色长袖休闲口袋T恤衫上衣女装现货
,2004,33.00,0.5926,2050# 跨境新品欧美秋冬女装纯色高领撞色手指卫衣  现货
,9621,12.00,0.6222,2021春夏新款亚马逊wish欧美爆款跨境女装 时尚圆领背心T恤上衣女
,4270,19.00,0.7692,大码女装 胖mm 短袖t恤女夏装宽松V领上衣吊带衫洋气两件套装
,3316,19.00,0.0,高腰卷边牛仔裤女韩版宽松新款显瘦阔腿a字休闲女装夏季短裤批发
,72983,258.00,0.4737,一件代发婚庆妈妈女装秋冬新款欧美大码服装中老年连衣裙长袖批发
,1215,40.00,0.0,现货 A8233 欧美女装2021春夏印花休闲街头运动两件 套装
,5835,40.00,0.0,胖妹妹mm大码女装2021年夏装新款短袖T恤洋气减龄遮肚子雪纺上衣
,136,9.50,0.0,时尚THEY TO印花学生夏季女装韩版情侣装上衣2020外贸短袖t恤女
,812,25.74,1.0,大码女装2021夏季韩版印花字母宽松女士上衣学生短袖t恤一件代发
,756,100.00,1.0,孙俪谭松韵同款2021春夏女装 V领撞色织带拼接长袖高腰修身连衣裙
,1595,27.80,0.5,2020欧美镂空t恤两件套女装紧身显瘦书包扣收腰运动健身长袖上衣
,6846,24.90,0.45,跨境外贸女装2021春性感蕾丝透视开衫绑带V领显瘦露脐短袖上衣T恤
,112384,32.00,0.3529,2020女装针织衫amomi全民女友衣圆领宽松打底女内搭长袖薄款上衣
,2679,36.00,0.1429,2021春夏新款紧身上衣女装短款打底衫内搭拉链长袖修身字母T恤潮
,51,51.97,0.0,欧洲站女装2021新款夏装欧货潮时尚洋气长袖上衣衬衫女设计感小众
,1224,23.00,0.5,春夏爵士舞瑜伽健身上衣 显瘦修身短款字母印花女装纯棉短袖T恤
,167,29.00,1.0,2020夏装新款韩版文艺棉麻阔腿裤女装
,1823,93.00,0.0,2021夏季新款女装连衣裙法式短袖收腰显瘦气质长裙茶歇裙两件套
,1099,30.00,0.5,2020秋冬新款速卖通爆款女装性感百搭休闲风束小脚长裤女
,48432,24.50,0.0789,大码女装 欧美跨境200斤胖mm宽松t恤打底衫女减龄蝙蝠袖ins上衣女
,2890,25.00,0.5,2021新款女装胖MM名媛风气质V领显瘦衬衫女洋气泡泡袖上衣
,3166,86.00,0.0,实拍2021#春装大码女装新款韩版胖MM洋气显瘦V领时尚减龄连衣裙
,370,30.00,0.0,针织上衣薄款女夏季短袖针织开衫2021新款bai搭气质针织小衫女装
,349,11.90,0.0,学生纯色圆领开叉卷边七分袖T恤女新款女装韩版春夏宽松打底衫潮
,30131,46.00,0.0625,独立站wish亚马逊爆款 2021夏装新款印花波点连衣裙女装
,479,58.00,0.0,实拍夏装洋气套装2021新款中老年女装短袖T恤上衣中年棉麻两件套
,249,42.98,0.0,碎花雪纺连衣裙温柔风气质初恋甜美中长裙女装夏季2021年新款裙子
,2222,70.00,0.0,2021早春新款女装碎花气质大码显瘦遮小肚裙子贵夫人阔太太连衣裙
,3942,39.00,0.0,实拍2021春装新款大码女装微胖mm收腰蝴蝶结显瘦V领衬衫上衣
,2832,28.00,0.4167,H009跨境亚马逊波西米亚民族欧美泰国灯笼裤瑜伽服女装休闲裤
,8548,21.00,0.5556,2021wish亚马逊爆款 欧美跨境女装大码喇叭袖压褶t恤上衣打底衫
,1526,22.77,0.8,亚马逊2021新款夏季韩版印花卡通宽松大码女装短袖t恤女ins潮批发
,3425,55.00,0.8864,2021春季女装新款立领宽松套头韩版纯色金丝绒长袖打底上衣女6012
,26884,65.00,0.2593,亚马逊女装2021新款纯色V领镂空蕾丝A字裙长裙连衣裙
,3858,163.00,0.0,高腰阔腿裤套装女装2021新款春装气质御姐职业两件套裤装减龄时髦
,10978,16.00,0.1,广州十三行品牌折扣女装连衣裙尾货清仓货源批发春夏装专柜撤柜女
,94017,144.00,0.3208,外贸夏女装一件代发时尚性感深V领酒会晚礼服绷带紧身显瘦连衣裙
,2290,42.00,0.375,加绒连帽日系拼接卫衣女2020新款女装韩版长袖宽松百搭上衣潮
,27793,34.00,0.1981,2021春款卫衣女 时尚炸街减龄显瘦潮牌女装 宽松设计感小众外套薄
,81022,18.00,0.6842,2021夏季新品亚马逊跨境外贸女装时尚渐变色字母印花宽松t恤上衣
,116,55.00,0.0,春季女装新款翻领宽松长袖排扣胸前口袋格纹衬衫欧美休闲风外套女
,5128,14.00,0.0,广州白马连衣裙夏季品牌折扣女装T恤尾货快手直播库存清仓女货源
,2138,63.00,0.0,实拍～大码女装时尚韩版气质收腰显瘦初恋裙子圆领露肩短袖连衣裙
,366,120.00,1.0,七分袖印花优雅连衣裙女春季2021年新款气质时尚过膝女装a字裙
,4797,58.00,0.25,2021夏季新款胖MM大码女装连衣裙温柔风一字领显瘦碎花雪纺裙子
,160,83.00,1.0,夏季女装新款韩版宽松大码后背拧折黑色连衣裙不规则开叉过膝长裙
,157,25.00,1.0,2020秋冬新款亚马逊wish 欧美跨境女装印花螺旋扎染圆领卫衣裙女
,376,75.35,1.0,大码女装200斤胖妹妹春季套装女减龄衬衫上衣显瘦半身裙两件套装
,149,75.12,0.0,2021新款露背纯色时尚吊带连衣裙波西米亚长裙海边度假沙滩裙女装
,135,42.00,0.0,独立站2021跨境外贸亚马逊女装新款欧美wish吊带印花性感连衣裙
,1405,56.00,0.0,法式复古茶歇裙吊带碎花裙开叉显瘦连衣裙中长款女装2021韩版新款
,280,18.90,0.2727,2021速卖通Ebay女装欧美街头时尚ins网红小刺绣露脐短款T恤女显瘦
,1077,27.00,0.4667,2020亚马逊eBay速卖通新款女装休闲裤女v领欧美时尚连体
,107,29.00,1.0,17816外贸速卖通新款弹力性感包臀裙 欧美女装修身吊带打底连衣裙
,57129,88.00,0.3368,春夏休闲裤女简约宽松舒适弹力休闲裤女装褶皱长裤直筒裤三宅一生
,97878,70.00,0.6176,2021春夏棉麻女装新品念百秀纺国风苎麻女式灯笼休闲裤打坐裤长裤
,1124,26.00,0.6667,欧美跨境女装秋冬新款上衣 人物印花长袖卫衣套装ebay亚马逊WISH
,2259,85.00,0.0,大码女装40岁穿的裙子气质妈妈贵夫人冬裙新款连衣裙高端洋气秋冬
,29130,8.00,0.1429,2021夏季新款韩版修身短款高腰短袖T恤女潮学生上衣女装外贸批发
,1227,12.00,0.4545,2020独立站亚马逊爆款女装超短裤性感包臀3D潮流定位印花热裤女
,70045,23.00,0.4074,女装T恤上衣春夏新款2021纯色简约修身韩版打底衫短袖t恤女衣服女
,132,28.00,1.0,亚马逊ebay爆款 2020秋冬新款欧美女装扎染渐变一字领T恤宽松上衣
,158,52.00,1.0,XN/9933TP 2021春季速卖通街头潮人女装套头圆领铅笔裙连衣裙
,3712,46.00,0.5,J2258  欧美跨境女装   数码印花休闲宽松长袖衬衫  售完为止
,16254,25.00,0.0,女装 2021夏季新款春款半高圆领白色t恤针织衫大码五分袖打底上衣
,24,26.50,0.0,Thou Shall Not Trp Me 2021亚马逊ebay跨境女装秋季上衣圆领卫衣
,29447,12.00,0.5588,秋冬季加绒韩版光板长袖套头外套宽松学生连带帽衫纯色卫衣男女装
,87148,35.00,0.1026,小清新上衣2021夏季女装新款韩版圆领宽松打底衫个性印花短袖t恤
,79,75.00,0.0,大码女装2021春季新款微胖妹妹减龄显瘦卫衣洋气遮肉连衣裙两件套
,2336,9.00,0.0,短袖T恤女2021新款宽松韩版夏季天气印花学生打底衫上衣女装批发
,139,34.00,0.3,2018秋季韩版新款女装宽松版长裤棉中腰甜美格子女士休闲裤
,2565,97.00,0.5,春秋套装女2021新款宽松大码显瘦卫衣时尚休闲运动套装两件套女装
,4784,56.00,0.1124,猫咪卡通图案印花连帽卫衣女2021春季新款潮ins休闲宽松女装外套
,4511,23.00,0.4091,欧美跨境亚马逊2020秋季女装爆款上衣 不规则长袖单排扣大码T恤女
,61,58.00,0.0,胖mm大码女装 2021夏季新款韩版加肥显瘦宽松T恤假两件拼接连衣裙
,2125,75.00,0.0,【远威】牛仔裤女2021年春夏时尚潮流女装高腰阔腿裤现货一件代发
,2407,24.00,0.4,2020春夏韩版V领修身显瘦短袖大码T恤95棉外贸女装上衣一件起批
,1338,22.00,0.0,2021夏季亚马逊外贸跨境女装纯色圆领短袖侧边打结中长款连衣裙女
,5820,9.90,0.0,卡琦依品牌女装折扣批发贝左云拾衣汇典布梵优惑莎奴汇典抖音
,25633,65.00,0.3571,时尚套装裤女夏装2021新款女装减龄洋气运动休闲两件套束脚裤套装
,2071,26.73,0.1818,跨境外贸女装连衣裙夏季新款显瘦学生裙纯色打底短袖T恤包臀裙
,2568,25.00,1.0,2021跨境秋冬新款女装SK8无限滑板印花休闲连帽卫衣
,56270,17.00,0.5625,亚马逊欧美跨境女装雪纺吊带款V领大摆型连衣裙
,1111,33.00,0.5455,欧美跨境货源女装春秋性感露肩蝙蝠袖长袖上衣衬衫
,897,22.00,0.0,2021跨境新款亚马逊wish爆款女装上衣 欧美撞色拼接圆领短袖t恤女
,148,35.00,0.3333,欧货女装批发2020春夏新款针织短袖t恤女薄款半高领修身显瘦上衣
,288,40.00,0.0,2021夏季女装高腰A字 浅色阔腿裤显瘦牛仔裤女短裤子
,3819,43.90,0.0,跨境女装 日韩外贸仿真丝时尚上衣2021春秋百搭舒适显瘦女衬衫
,1749,66.00,0.0,2021女装大码夏季T恤韩版新款V领时尚两件套显瘦休闲服短裤套装女
,10163,125.00,0.4737,夏季新款气质高领短袖上衣女修身显瘦三宅褶皱一生t恤打底衫女装
,961,31.50,0.0,洋气女装拼接卫衣新款2021春秋短款时尚小个子圆领宽松韩版上衣潮
,825,12.90,0.0,批发夜市女装2021夏季新款韩版纯棉短袖T恤女修身短款上衣服ins潮
,1359,65.00,0.0,2021新款春装洋气大码女装时尚韩版印花上衣裤套装阔腿裤两件套女
,455,65.00,1.0,新款女装春装两件套裤雪纺长袖上衣阔腿裤长裤休闲时尚休闲套装女
,323,52.00,0.0,2021春夏女装新款气质仙女裙收腰显瘦中长款设计感雪纺连衣裙女
,8630,35.00,0.6667,2021eba亚马逊欧美 女装新款欧美个性吊带款印花不规则连衣裙
,791,26.00,1.0,跨境亚马逊wish ebay爆款夏季女装现货 字母印花短袖圆领t恤女
,5011,15.90,0.117,1928夏季新款纯色T恤女韩版女装女式t恤圆领体恤女士半袖上衣
,416,52.00,1.0,实大码女装春季新款风衣马甲背心气质胖mm中长款坎肩外套
,225,45.00,0.1,外贸跨境亚马逊爆款欧美高领毛衣女2020秋冬女装条纹长袖针织衫女
,344,10.88,0.0,半袖女装2021新款潮流ins网红t恤女短袖蓝色宽松韩版chic港味上衣
,313,23.00,0.0,2021胖mm女装套装新款大码女春夏装阔腿裤两件套
,735,38.00,0.3333,C3842冬季跨境新品wish速卖通亚马逊欧美时尚紧身印花连体裤女装
,734,328.00,0.3333,夏款拓谷女装2021夏季新款欧货百搭设计感宽松卫衣ins潮牌上衣
,434,85.00,0.5,新款2021夏季欧美气质女装一字领露背松紧腰A字裙海边度假连衣裙
,118,125.00,0.0,实拍连衣裙2021新款法式初恋衬衫长裙子早春秋茶歇温柔风少女装潮
,67,59.00,0.0,速卖通wish欧美女装 V领豹纹印花单排扣荷叶边短袖连衣裙
,212,22.00,0.0,欧美女装亚马逊独立站2021时尚休闲嘴唇BLACK Queen短袖套装 女
,9755,37.00,0.4444,SZ8026跨境美女装路网纱肩露腹蝴蝶结性感2件裙套装女
,25407,47.00,0.1475,2021欧美大码女装春夏温柔风 胖妹妹优雅性感修身包臀蕾丝连衣裙
,417,34.00,0.0,2021新款欧美跨境亚马逊时尚潮流彩色女装连体裤1400
,59,49.00,0.0,实拍2021夏季新款女装设计感小众个性短袖T恤女商场同款显瘦上衣
,288,47.00,0.0,2021春季女士衬衫韩版修身长袖女装青年职业装女式衬衣工作服批发
,2825,79.00,0.1,2021春季新款大码女装200斤胖mm清新显瘦中长款碎花连衣裙1220364
,13,66.40,0.0,两件套吊带一字领套头上衣女下装高腰直筒休闲裤女优选女装
,70,35.00,0.0,2021春季女装薄款双拉链开衫不规则圆弧下摆螺纹长袖T恤女
,416,52.00,1.0,2021年夏新款大码女装胖MM气质吊带裙女仙女长裙一字领抹胸连衣裙
,558,15.00,0.5,棉 夏季2021新款韩版时尚休闲学生上衣潮短袖T恤宽松印花上衣女装
,31299,58.00,0.0,棉麻套装裙2021春夏新款大码女装宽松休闲文艺两件套中长款连衣裙
,44,42.00,0.0,2021新款女装韩版 V领仙女裙收腰绑带不规则荷叶边包臀时尚连衣裙
,2842,15.28,0.0,网红ins超火短袖t恤女装夏新款潮设计情侣装大码宽松学生上衣男女
,1497,28.00,0.3846,X9121 亚马逊女装 欧美时尚印花拉链短袖紧身连衣裙
,70,20.00,0.0,夏季宽松显瘦条纹印花T恤连衣裙女装学生韩版中长款仙女裙潮
,140,67.00,1.0,2021新款大码女装夏季两件套裤雪纺上衣阔腿裤休闲时尚洋气套装女
,11849,29.00,0.4286,现货 2021秋季新款wish女装棉麻长裤连体裤直筒型中腰休闲裤
,2771,24.00,0.0,现货2021欧美女装新款速卖通wish独立站爆款抽象水彩印花短袖T恤
,132,8.91,0.0,宽松t恤女时尚休闲学妹上衣2021韩版夏季新款女式打底衫女装批发
,585,31.00,0.3333,速卖通爆款外贸2021夏新款日系女装纯色拼接上衣修身显瘦衬衫女
,2407,58.00,0.2,深浅蓝两色2021夏季新款女装韩版裤腿卷边高腰牛仔短裤热裤子显瘦
,1920,21.00,0.5,2020欧美春夏wish亚马逊ins爆款女装上衣 性感修身露腰长袖雪纺衬
,93,43.00,0.0,ZA2021RA同款欧美女装春季新款清新结饰条纹宽松衬衫休闲上衣女
,4837,79.00,0.0417,双天2021春夏裙子新款韩版大码女装胖mm衬衫领牛仔系带连衣裙X361
,581,28.50,0.2857,2020秋季欧美亚马逊wish速卖通女装纯色束脚系带长裤运动裤休闲裤
,7241,118.00,0.4167,2021新款春季女装时尚网红小香名媛气质减龄职业衬衫裙两件套装女
,2226,25.00,0.2333,2020秋冬女装新品厂家直销纯色衬衫秋季棉麻开衫双口袋长袖OL衬衣
,640,11.80,0.0,短袖t恤女2021年春夏新款韩版宽松女装夏季ins白色女士上衣打底衫
,329,43.00,0.0,欧货大码夏季女装2021年新款胖mm遮腹连衣裙显瘦v领洋气设计感裙
,583,56.00,0.0,2021春季女装新款韩版条纹针织外套女 休闲修身有扣开衫外搭女
,9681,48.00,0.0,胖MM大码女装连衣裙女夏季2021年新款遮肉减龄显瘦法式长裙仙女裙
,689,87.99,0.0,商场499元连衣裙 费系列品牌折扣女装2020夏新款收腰花边
,1322,65.00,0.2727,春季新款韩国女装减龄时尚前后卡通图案宽松大码圆领卫衣上衣1145
,4400,32.00,0.25,D8084欧美女装独立站亚马逊时尚性感纯色连体裤短裤短款紧身型裤
,127,63.44,0.0,大码女装2021春季新款胖妹妹显瘦减龄衬衣中长款宽松衬衫连衣裙女
,660,12.00,0.0,26支 纯棉短袖t恤女夏季新款复古民族风京剧脸谱宽松大码女装国潮
,242,16.00,0.5,2021春夏跨境新品欧美女装 ebay 亚马逊 T恤纯色短袖挂脖露肩上衣
,9441,28.00,0.381,原宿风摇粒绒女装学生外套上衣秋冬新款紫色宽松立领拉链开衫卫衣
,2965,25.00,0.4146,速卖通2019秋季欧美气质女装牛奶丝高领铅笔裙连衣裙一手货源
,28946,10.30,0.6667,2019 wish 跨境秋季欧美爆板女装连衣裙 修身显瘦长款花朵吊带裙
,2018,33.00,0.3333,短袖t恤女装夏装2021年新款ins潮蕾丝v领打底衫内搭上衣薄款女潮
,1655,45.00,1.0,大码女装胖MM两件套长袖衬衫+针织马甲套装
,174,25.00,0.0,2021新款棉t恤女短袖修身夏季女装新款洋气ins潮黑色紧身上衣丅
,335,82.00,0.0,重工刺绣真丝连衣裙2021夏新款气质时尚女装修身显瘦桑蚕丝裙子
,670,19.50,0.5714,跨境欧美外贸女装新款WISH春秋衬衣格子印花V领短袖上衣T恤女
,67957,75.00,0.5882,大码女装2021夏季新款胖mm修身显瘦遮肚子V领短袖中长款连衣裙
,794,31.00,0.3889,跨境卫衣女2020秋冬新款加绒时尚潮流宽松女装个性亚马逊上衣百搭
,1244,48.00,0.5,亚马逊速卖通欧美女装2021年新品斜肩连衣裙女装不规则绑带连衣裙
,29898,48.00,0.3333,2021欧美速卖通新款女装长袖复古印花拼接连衣裙
,135,41.00,0.0,韩系春秋季女装新款慵懒风上衣宽松V领早春洋气印花针织衫毛衣女
,50,25.38,0.0,美背文胸无钢圈聚拢上托少女小胸薄款内衣女光面格子韩版学生套装
,7328,35.00,0.4545,跨境ebay亚马逊Wish外贸欧美女装刺绣女裤绣花高弹牛仔裤小脚裤女
,248,16.00,0.5,跨境2021春夏新品欧美女装 ebay 亚马逊 T恤纯色短袖挂脖露肩上衣
,1003,51.00,0.3333,TY1868 欧美女装亚马逊 热卖时尚休闲圆领刺绣字母运动两件套套装
,380,28.00,0.6667,跨境外贸 速卖通ebay亚马逊wish欧美爆款驴头印花圆领长袖女装T恤
,11768,27.00,0.0357,跨境女装速卖通欧美新款印花连衣裙爆款V领短袖长裙宽松大码
,168,40.00,1.0,设计感小众泡泡袖衬衫女装夏季2021新款气质碎花衬衣法式别致上衣
,44,41.00,0.0,跨境女装春夏新款纯色长袖镂空荷叶边上衣 欧美优雅女式休闲衬衫
,242,33.00,0.0,实拍设计感上衣夏季女装2021新款短袖高腰显瘦短款甜辣妹风t恤ins
,12034,207.00,0.2333,2021夏新款欧美女装太阳花宽松桑蚕丝裙子真丝连衣裙短袖46309
,1762,34.90,1.0,2021春秋季内搭打底衫T恤女长袖修身显瘦上衣纯色圆领女装
,4181,70.00,0.0588,马思纯同款衬衫2021春秋衬衫时尚韩版女装显瘦气质上衣女士打底衫
,83,24.00,1.0,2021春夏独立站wish速卖通欧美女装圆领彩虹条纹背心t恤女上衣
,235,20.00,0.0,2021春秋新款女装韩版宽松BF条纹衬衫女薄款长袖上衣打底衬衫
,1425,31.00,1.0,9657#亚马逊Wish欧美跨境2021新款女装宽松印花波西米亚连衣裙女
,83,6.80,0.25,厂家直销2021夏季新款圆领短袖T恤女学生情侣衣服女装上衣批发
,128,22.00,1.0,2021春夏新款欧美跨境女装T恤独立站拼色爆款短袖上衣T恤女打底衫
,6555,36.50,0.5926,2020欧美女装新款 性感吊带低胸系结纯色连衣裤女 亚马逊女装
,41,32.00,0.0,亚马逊独立站wis款欧美女装 纯色V领两件套宽松休闲套装
,77,46.00,0.0,女士开衫毛衣新款春秋冬加厚款女装宽松慵懒针织外套女刺绣嘴唇潮
,1491,41.00,0.0,娃娃领雪纺衬衫女装夏装2021年新款别致上衣设计感小众女士衬衣潮
,3025,43.00,0.0,YLMW615 欧美女装 亚马逊女装 吊带蕾丝性感风 开衩连衣裙
,699,58.00,0.3333,跨境女装2021新款方领吊带连衣裙性感高开叉包臀连衣裙夏季带胸垫
,1150,48.00,0.0,设计感港味复古印花上衣2021新款春秋季宽松外穿长袖衬衫女潮
,168,58.00,1.0,实拍2020年春季新款大码棉麻女装休闲气质两件套连衣裙
,2405,39.00,1.0,法式复古  2021春夏新款女装显瘦纯色高领针织短袖弹力上衣W
,1860,35.00,0.5556,2020跨境秋季新款女装  亚马逊ebay爆款连帽长袖华夫格扎染卫衣
,525,22.00,0.7,2021亚马逊WISH欧美女装摇滚印花V领休闲宽松大码T恤
,421,31.30,1.0,跨境速卖通女2021夏新款韩版时尚立领短袖运动休闲长裤两件套女装
,1197,39.00,0.8571,M6280欧美女装可爱时尚运动性感纯色裤
,338,50.00,1.0,2020冬季亚马逊WISH欧美爆新款女装棉麻印花连帽卫衣保暖毛绒外套
,550,16.00,0.5455,eBay亚马逊2019跨境女装花边V领短袖纯色休闲T恤女上衣
,10524,32.00,0.5,强137两件套黑色上衣+破洞牛仔裤时尚潮流宽松休闲流行时尚女装
,734,24.00,0.0,2021春夏女装新款长袖衬衫女宽松韩版甜美樱桃印花衬衣打底衫上衣
,6000,30.00,0.0,亚马逊Wish2021夏季新款印花女士T恤欧美休闲短袖圆领宽松女装
,779,38.98,0.0,三木子快时尚女装~2021新款西装领慵懒宽松外穿百搭短袖薄款衬衫
,198,99.00,0.0,跨境修身黑色条纹连体裤2021春白领修身显瘦OL职业女装两件套批发
,244,62.00,0.5,大码女装2021新款夏季一字肩气质收腰显瘦胖妹妹不规则背带连衣裙
,77,75.00,0.0,实拍 韩版女装中长款收腰显瘦修身法式衬衫裙西装连衣裙
,5154,13.80,0.0,夏季短袖t恤女装夏装2021年新款ins潮短款辣妹穿搭上衣设计感个性
,339,19.00,0.0,潮流女装 2021夏季新款宽松棉质短袖t恤女式大码宽松卡通体恤上衣
,1001,73.00,1.0,刺绣连衣裙女2021夏季宽松大码女装阔太太绣花拼接A字长裙女
,113,59.90,0.0,大码运动休闲2021夏装新款时尚女装小个子长裤卫衣两件套
,32,30.00,0.0,女装连衣裙 欧美 外贸亚马逊热销长裙 纯色棉麻长袖女士连衣裙女
,81318,86.00,0.1,女装 韩版批发打底衫 女式秋季新款短袖针织背心半高领毛衣女外穿
,23,9.98,0.0,网红t恤女ins超火短袖2021年夏季女装宽松潮韩版原宿风体恤上衣服
,18566,60.00,0.0,欧洲站2021年春夏明星迪丽热巴同款高端女装打底背心印花连衣裙新
,314,45.00,0.0,2021跨境亚马逊女装 wish欧美性感格子英文字母数码印花套装女
,11862,34.00,0.0,跨境亚马逊女装2021夏季新款无袖宽松裙子 西米亚露肩波点连衣裙
,1299,16.50,0.6667,夏季大码女装连衣裙2019新款胖MM中长款系带大码宽松显瘦A字裙潮
,564,110.00,0.5,2021夏季新款翻领针织上衣女装时尚减龄白色短袖纯色T恤
,158,16.80,1.0,大码女装胖mm2021夏季新款宽松显瘦200斤格子套装时尚休闲两件套
,599,63.00,1.0,跨境阔腿牛仔裤女夏宽松修身2021新款韩版高腰直筒长裤女装批发春
,6347,298.00,0.3333,mj*21春夏新款女装纯手工编织小花边淡紫色针织格纹套装
,13580,14.20,0.0,2021夏季新款字母印花短袖女装T恤宽松圆领纯棉短袖t恤女一件代发
,382,50.00,1.0,235速卖通 亚马逊毛衣女秋冬爆款V领交叉绑带针织衫上衣女装批发
,364,33.00,0.5,欧美时尚女装2019春夏新品Ebay热销爆款衬衫纽扣连体裤
,15939,39.00,0.25,2021新款女装欧美跨境亚马逊爆款时尚吊带印花沙滩连衣裙
,38,30.90,0.0,速卖通2018秋冬款女装亲嘴米奇印花长袖休闲运动服卫衣套装
,3119,22.00,0.75,新款欧美女装2021春夏上衣ebay亚马逊跨境货源圆领条纹短袖T恤女
,440,37.00,1.0,2019欧美夏季女装连衣裙长裙印花性感女装
,22,19.00,0.0,短袖T恤女2021年新款夏季胖mm宽松大码女装纯棉印花体恤上衣ins潮
,120,17.50,0.25,欧美女装上衣时尚优雅波点蕾丝灯笼袖圆领衬衫 厂家直供
,44,41.00,0.0,现货热卖欧美大码女装 亚马逊时尚胶印嘴唇开叉长裙连衣裙
,1240,59.00,0.0,妈妈春夏雪纺短袖上衣2021新款中老年女装洋气半袖假两件T恤代发
,280,59.00,1.0,跨境2021春夏季新款欧美女装复古碎花假两件优雅礼服裙长袖连衣裙
,113,18.99,0.0,2021新款欧美跨境T恤ebay女装 印花休闲宽松上衣短袖T恤现货
,168,85.00,0.0,法式小众微胖mm显瘦心机连衣裙夏季新款大码女装遮肉减龄洋气锁骨
,293,20.00,0.3333,欧美外贸女装 松紧露背吊带拼接运休闲瑜伽健身服连体长裤
,5472,38.00,0.6667,2021亚马逊ebay跨境欧美女装小个子夏季新款无袖短裙印花连衣裙女
,1872,15.20,1.0,T恤女宽松短袖2021夏季新款欧美大码女装休闲抽绳胖MM时尚上衣女
,120,61.00,0.0,大码女装胖女孩宽松遮肚子荷叶边连衣裙夏季显瘦洋气中长裙LC6067
,176,22.00,1.0,连衣裙2021新款韩版大码女装春夏碎花a字裙中长款显瘦吊带时尚裙
,143,37.90,0.0,UR2021春夏新品青春女装卡通图案T恤YU11R4MN2003
,4142,55.00,0.75,2021夏季新款字母LOGO印花T恤宽松版圆领情侣款休闲短袖潮牌女装
,1152,18.80,0.5789,亚马逊 女装2021跨境新款欧美女士长袖拼接圆领休闲印花T恤上衣女
,1625,22.00,0.5833,速卖通ebay秋季 性感V领长袖低胸碎花迷你连衣裙女装 促销！
,223,37.00,0.0,阔腿短裤女装大码外穿弹力高腰新款夏季黑色宽松显瘦三分休闲裤
,669,16.90,0.0,A1027双面字母磨毛T恤韩版宽松一件代发女装时尚2021夏季新款
,100,22.00,0.0,2020年新款牛仔短裤女夏季宽松高腰休闲时尚潮牌轻奢女装ins热裤
,218,18.40,0.0,跨境速卖通网红洋气两件套装新款女装韩版t恤ins纯色束脚裤
,1260,21.00,0.0,2021欧美春夏亚马逊新款女装 跨境飘逸短袖纯色宽松V领t恤女上衣
,9166,83.00,0.0,2021春夏新款女装时尚夏季套装短裙蕾丝雪纺衫甜系洋气减龄两件套
,251,33.00,0.6,跨境2020女装亚马逊秋冬爆款欧美宽松圆领纽扣加厚针织衫卫衣
,101,21.00,0.0,夏季新款短袖女装ins潮闺蜜装韩版学生大码宽松200斤中长款t恤女
,614,19.10,0.0,批发夏季新款女韩版2021年宽松遮肚300斤上衣服短袖t恤女大码女装
,629,27.01,0.0,大码女装胖MM大码女T恤夏季新款中文印花宽松中长款200斤短袖T恤
,1332,24.00,0.0,2021亚马逊独立站wish欧美跨境女装 夏季V领印花蕾丝花边T恤上衣
,285,25.00,0.6667,欧美跨境女装2021夏季新款亚马逊圆领短袖上衣扎染渐变印花T恤
,2978,30.00,0.5,5色8码入 跨境欧美女装 大码装 纯色V领宽松舒适透气麻棉衬衫
,2213,14.00,1.0,大码女装纯色背心女春夏新款宽松显瘦复古无袖上衣外穿打底衫批发
,5567,11.76,0.0,短袖t恤女夏季2021新款纯棉潮牌女装宽松大码半袖体恤上衣服ins潮
,514,35.00,0.3333,M7408 跨境欧美女装亚马逊热卖时尚性感彩色印花不规则开叉连衣裙
,325,65.00,0.0,温柔风法式复古牛仔裙子女装2021年夏季新款桔梗森系泡泡袖连衣裙
,239,59.90,0.6667,M0111 春季新款女装卫衣潮宽松星球印花圆领毛圈套头上衣情侣卫衣
,722,28.00,1.0,刺绣T恤女2021夏季新款时尚修身女装学生外穿内搭小熊字母短袖
,31,23.00,0.0,现货2021跨境wish新款短袖V领印花街头潮人短袖多色宽松型女装T恤
,4451,13.00,0.5,莫代尔t恤女 2021夏韩版女装新款无袖V领小衫修身打底衫上衣服
,2278,58.00,0.0,2021夏季大码女装新款胖MM洋气碎花裙V领显瘦减龄中长款连衣裙女
,21,18.00,0.0,时尚运动套装女大码女装2020夏季新款洋气宽松显瘦休闲短袖两件套
,928,33.00,1.0,5色5码2020亚马逊wish外贸女装 欧美秋冬印花休闲家居服长袖女套
,48,47.00,0.0,实拍现货5027#短袖女装夏拼色宽松单件中长款黑色大码连衣裙
,67,31.40,0.0,针织衫秋季新款女装白色长袖紧身衣修身短款开衫上衣薄款打底衫秋
,1197,34.65,0.3333,2020欧美夏季新款亚马逊扎染居家服运动休闲短袖套装跨境女装
,294,54.00,0.0,实拍202春装新款韩版女装民族风麻花针织开衫V领宽松毛衣外套
,4566,85.00,0.3,ZOJ品质女牛仔衬衣长袖女式长袖衬衫时尚上衣2021春季女装新款批
,156,17.49,0.5,2019欧洲站圆领无袖连体裤 性感修身背心上衣 跨境批发女装
,492,35.00,0.0,2021亚马逊新品2021跨境女装春夏束腰圆领印花连衣裙女收腰显瘦
,82,36.00,0.0,2021外贸女装新款豹纹连衣裙紧身性感包臀斜肩吊带裙露背印花女裙
,33047,23.90,0.4333,蝙蝠衫宽松套头毛织上衣女装秋冬新款韩版镂空灯笼袖针织衫女外套
,6844,32.00,0.2,8052 欧美女装亚马逊独立站速卖通夏季新款热卖 纯色时尚休闲套装
,20,8.50,0.0,大码女装2020夏装新款160斤胖mm加肥加大码圆领印花短袖T恤
,493,23.00,1.0,跨境专供大码女装短袖T恤
,564,21.00,0.6,Wish亚马逊速卖通2019女装 ebaywish欧美星星T恤上衣
,43,40.00,0.0,A1128TS跨境货源新款欧美女装纯色镂空褶皱无袖露背连衣裙
,106,28.00,1.0,速卖通早秋女装新款韩版气质收腰显瘦V领衬衫女长袖上衣韩范衬衣
,1385,53.00,0.0,大码女装秋冬新款2020胖mm显瘦套装洋气减龄针织毛衣阔腿裤两件套
,254,19.00,0.25,欧美跨境女装速卖通亚马逊爆款纯色大码百搭宽松长袖上衣T恤
,688,30.00,0.0,2020亚马逊独立站欧美女装新款小碎花数码印花宽松型破袖连衣裙
,19,13.78,0.0,夏季漂亮短袖t恤女宽松显瘦女装2021学生新休闲上衣圆领打底衫女
,510,85.00,0.0,休闲裤女 2021春季新款日式薄款透气女装时尚棉麻条纹背带裤
,4336,12.00,1.0,棉复古大码女装印花短袖T恤女ins潮宽松胖M夏季打底休闲文艺上衣
,15190,18.00,0.8333,2021跨境欧美亚马逊春夏新款背心女装拼接撞色休闲宽松无袖背心女
,2317,24.00,0.5714,跨境 亚马逊女装欧美新款 2021夏季女士上衣 印花圆领短袖T恤 女
,720,36.00,0.0,2021夏季气质通纯色V领棉针织短袖女套头宽松型纯色修身型女装家
,97,49.00,1.0,【新晟】2021韩版女装新款西涅克的早餐 / 亮晶晶天丝粉衬衫
,92,43.12,0.0,4/19 10点上新 绵绵冰 舒适裸感防晒长袖T恤2021夏季新款上衣女装
,3600,62.00,0.0,鹰堡2021春秋季新款连帽上衣宽松韩版潮款时尚运动情侣纯卫衣女装
,7779,18.00,0.6667,ebay亚马逊亚麻a字短裤女2021夏季欧美女装休闲裤女宽松阔腿裤
,364,26.00,0.0,2021欧美外贸跨境新款女装蕾丝拼接套头短袖纯色宽松t恤女上衣
,322,30.00,1.0,2018初秋女装新款港味宽松大码条纹衬衫女七分袖上衣衬衣打底衫
,133,24.00,1.0,2021春夏季新款速卖通亚马逊女装 向日葵爱心比耶字母印花T恤上衣
,278,33.60,0.5,原版中长款短袖T恤女宽松韩版欧美ins潮半袖大码女装上衣服
,643,17.00,1.0,运动套装女装2021新款韩版宽松大码时尚短袖七分裤休闲跑步服春夏
,184,20.00,0.0,2021亚马逊跨境女装上衣 欧美爆品豹纹嘴唇印花圆领宽松短袖t恤女
,63,20.50,0.0,妈妈宽松拼色棉麻针织夏装中老年洋气休闲T恤女中年短袖女装
,4522,12.00,0.5882,欧美wish速卖通eBay热卖女装短裤修身时尚性感高腰腰带沙滩短裤
,100,95.00,0.0,"21年新品女装 ，短袖连衣裙,圆领设计，02229。"
,1209,28.00,0.6,2020夏季数卖通跨境女装骷髅印花无袖背心T恤
,10985,15.00,0.3333,短款短袖女装2021夏季ins韩版露脐显瘦镂空上衣性感针织衫东南亚
,123,42.00,1.0,2021夏季新款女装法式小花印花修身系带高腰包臀吊带连衣裙 1178
,599,145.00,0.3333,棉麻套装女两件套2021年新款女夏季时尚气质女装减龄套装裙潮5474
,321,41.00,0.5,春季新款欧美女装时尚短露背衬衫上衣C9895
,672,19.00,0.6667,不规则连衣裙女装夏新款韩版女装修身V领短袖小黑裙高腰包臀裙子
,115,109.00,1.0,夏季新款时尚欧美女装v领修身显瘦性感蕾丝袖中长款连衣裙女
,39,32.00,0.0,夏女装绵绸阔腿裤女大摆裙裤大码松紧高腰花色妈妈装显瘦九分裤
,118,118.00,0.0,21春夏女装手工钉钻短袖连衣裙黑白双色系带连衣裙 an041505
,998,32.00,0.0,跨境女装亚马逊新款欧美女装休闲运动两件套嘴唇印花短袖套装
,713,63.00,0.0,中袖T恤女装宽松遮肚21年新款夏装上衣创意时尚潮t桖通勤
,98,32.98,0.0,假两件格子衬衫女装设计感小众夏季2021新款小个子甜美清新上衣服
,396,69.00,0.0,牛仔背带裤女2021新款春夏显瘦少女装嫩高光学院风减龄直筒可调节
,3114,26.50,0.3824,韩版春秋款宽松外搭针织衫大码开衫毛衣女装短款春装长袖薄款外套
,455,60.00,1.0,长袖网纱t恤女装2020年新款初秋装流行V领遮肚洋气短款上衣服
,3827,26.90,0.3333,2021夏季亚马逊热卖女装　时尚性感气质露背套装休闲运动两件套
,735,52.00,0.0,几片大码女装2021夏季新款不规则开叉扣子中袖T恤女休闲百搭衬衣
,273,20.00,0.25,2020夏亚马逊女装速卖通欧美外贸跨境新品针织印花连体长袖打底衫
,1246,27.00,0.6364,欧美女装 2020速卖通秋冬款女装套头V领都市休闲长袖多吊带女装
,1668,26.00,0.4444,2021早春新款速卖通女装简约气质翻领灯笼长袖衬衫女
,113,21.00,1.0,厂家直销wish速卖通外贸女装休闲宽松口袋长袖加大码胖妹妹连衣裙
,1014,24.00,0.0,2021独立站亚马逊女装夏季新款碎花女装V领短袖连衣裙
,749,35.00,1.0,2021欧美女装宽松大码女上衣热销印花女衬衣-现货
,77,23.00,0.5,2021新款亚马逊wish欧美跨境女装印花圆领休闲宽松背心T血
,30,31.00,1.0,跨境秋冬男女装 实习医生格蕾greys anatomy印花男女连帽卫衣
,2658,25.00,1.0,速卖通爆款外贸女装2021新款堆堆领孕妇装 哺乳长袖卫衣打底衫
,315,25.00,0.5,2021春夏新款欧美女装无袖印花背心蓬蓬裙打底连衣裙A字裙
,594,27.00,0.3333,2021年春夏欧美新款eBay速卖通女装长袖印花衬衣荷叶边衬衫
,100,20.00,0.0,冰丝针织衫短袖t恤夏装2021年新款女装半高领短款纯色上衣针织衫
,1114,47.00,0.0,亚马逊欧美渐变扎染圆领短袖套装 跨境女装独立站Ebay运动两件套
,32,24.00,0.0,短裤套装2021春夏新款韩版大码女装气质减龄网纱拼接显瘦两件套装
,40,14.00,0.5,2020速卖通WISH外贸女装新款蒲公英印花宽松圆领长袖女卫衣
,60,24.00,1.0,2021速卖通亚马逊独立站欧美女装外贸新款蕾丝坑条针织上衣现货
,34517,17.80,0.0,2021夏季新款女装小雏菊短袖T恤女宽松韩版潮牌半袖体恤上衣服ins
,3086,75.00,0.0962,2021春季新款品牌女装小众设计感港味chic荷叶边长袖OL雪纺衬衫女
,697,13.00,0.75,跨境专供欧美女装时尚印花字母Lake Mode圆领背心T恤
,1114,18.88,1.0,现货   2020夏季文艺国风复古女装麻灯笼裤中腰休闲裤厂家直销
,642,22.00,1.0,ebay欧美跨境 friends 老友记字母 连帽长袖玫瑰印花卫衣女装
,1053,20.00,1.0,2021女装运动短裤女夏ins潮bf风休闲学生高腰中裤跑步宽松五分裤
,19,18.08,0.0,春夏季新款大码女装碎花连衣裙女短袖中老年妈妈装胖mm阔太太
,1067,49.00,0.2857,2020秋冬新款大码女装牛仔裤 胖MM200斤紧身高腰休闲裤外穿打底裤
,1482,26.00,0.5455,eBay速卖通2020夏季爆款蝴蝶定位印花吊带A字裙长裙大码女装
,4221,65.00,0.25,秀业大码宽松遮肚针织衫女春夏新款2021韩版褶皱拼接短袖内搭上衣
,49,48.00,0.0,2021时尚长袖粉色商务潮流立领气质通勤开衫纯色单排扣衬衫
,1204,41.00,0.5714,亚马逊新款 货源2020年夏季性感吊带V领露背口袋女连体裤 600144
,4507,56.00,0.0,2021新款法式白色连衣裙时尚高腰显瘦V领气质夏季过膝女神长裙子
,740,42.00,0.75,2020秋季新款大码显瘦长裤松紧高腰弹力小脚铅笔裤韩版牛仔裤女
,1676,46.00,0.0,2021夏季新款法式气质小清新凉爽柔软复古短袖衬衫女上衣送小背心
,35360,23.50,0.5,跨境专供畅销高腰弹力小脚裤 大码紧身铅笔裤糖果色牛仔裤女秋
,175570,35.00,0.5598,亚马逊ebay速卖通wish新款街头潮人小脚裤 浅色破洞牛仔裤女式
,46409,37.50,0.25,春季新款灰色魔术裤紧身小脚高弹小黑裤韩版百搭高腰外穿女打底裤
,6869,19.90,0.5833,厂家一件代发2021新款欧美破洞牛仔裤小脚裤女式 wish速卖通ebay
,147,148.00,0.0,韩版法式温柔风甜美初恋连衣裙2021夏季新款系带桔梗仙女娃娃裙
,2817,29.00,0.0,2021夏季新款韩版泫雅风V领带钻短袖T恤女修身显瘦打底衫上衣
,71,31.50,1.0,新疆棉纯棉印花T恤女短袖2021新款宽松圆领打底衫上衣体恤女夏大
,3329,35.00,0.6875,破洞牛仔裤女长裤厂家批发弹力修身白色铅笔裤韩版显瘦黑色小脚裤
,30,30.00,0.0,2021夏季新款ins韩版法式气质设计蓬蓬袖短款雪纺短袖衬衫女上衣
,380,79.00,0.0,哈伦裤女夏季2021新款高腰垂感大码小脚裤显瘦气质百搭宽松九分裤
,5518,46.00,0.0,一件代发2021裙裤仿天丝牛仔裤女夏季薄款阔腿中裤五分裤宽松短裤
,705,42.00,0.0,运动裤女裤宽松春夏季2021新款爱心刺绣哈伦裤薄款束脚休闲卫裤子
,1645,32.00,0.0,短袖t恤女2021年新款夏季短款设计感订珠圆领雪纺衫菱格白色上衣
,8451,43.00,0.0,亚马逊外贸款欧美弹牛仔裤 时尚破洞毛脚边修身小脚裤女裤
,5062,252.00,0.3846,CS1161A~北欧X众chu口单18姆米双绉Z丝优雅知性V领长袖衬衫上衣夏
,1028,19.00,0.25,高腰棉麻阔腿裤夏季宽松显瘦女式短裤韩版大码休闲糖果色沙滩女裤
,420,29.90,0.0,牛仔短裤女2021新款夏季破洞裤阔腿高腰a字显瘦热裤宽松裤子ins潮
,16153,32.00,0.0,冰丝莫代尔短袖t恤女2021夏季新款宽松休闲钮扣装饰纯棉打底小衫
,1962,55.00,0.2143,2021春秋运动裤女裤子宽松束脚薄款小个子灰色显瘦夏季休闲卫裤
,1052,40.00,0.8889,以家人之名谭松韵李尖尖同款衣服牛仔背带裙子吊带白色T恤上衣女
,3097,53.00,0.5,v领毛衣女2020年早秋新款百搭坑条单排扣学院风针织衫开衫女上衣
,325,349.00,0.0,2021春夏新款重磅真丝衬衣蕾丝上衣气质V领宽松桑蚕丝白色衬衫女
,9083,73.00,0.75,夏季运动服套装女夏装2021年新款气质小个子休闲时尚夏天两件套潮
,152,35.00,0.0,流苏牛仔短裤女高腰显瘦夏季薄款韩版2021年新款破洞a字热裤潮ins
,2973,45.00,0.625,2021夏装短袖束腰显瘦圆领灯笼袖时髦雪纺衬衫女气质小个子上衣
,928,289.00,1.0,春季新款蝴蝶结一字肩连衣裙女长袖修身礼服短裙6882
,370,29.00,0.5,情侣装夏装新款实拍2021连衣裙T恤套装一衣一裙
,21,37.41,0.0,设计感交叉吊带连衣裙女春季2021法式蕾丝短裙气质收腰裙子小开衫
,193379,74.00,0.7143,大Eees 少女主义中国风复古改良旗袍法式小个子黑色设计感连衣裙
,2149,43.00,0.0,V领蕾丝花边喇叭袖开衫上衣2021夏季新款韩版百搭雪纺衫
,139,13.90,0.0,连衣裙女2020夏季新款露锁骨蝴蝶结减龄显瘦气质小个子短裙
,3580,48.00,0.0,2021夏季新款温柔气质V领泡泡袖显瘦单排扣短袖衬衫女上衣
,137,32.00,0.0,个性字母印花短袖棉T恤女批发春夏新款宽松型圆领套头打底衫上衣
,128,27.00,0.0,实拍 韩版宽松女短袖t恤女2021新款夏季发泡烫银上衣ins潮打底衫
,18,16.00,0.0,彩虹糖果欧美T恤女 亚马逊女上衣 外贸欧美印花t恤女
,31928,7.90,0.3455,运动短裤女夏宽松2020休闲时尚牛奶丝三分裤热卖新款韩版沙滩热裤
,960,55.00,1.0,实拍2021春夏新款韩版显瘦小香风改良版旗袍现代法式连衣裙
,785,105.00,0.0,2021夏天新款收腰气质短袖裙子中长款时尚小碎花民族棉麻连衣裙女
,77,43.99,1.0,复古v领打底吊带连衣裙女收腰显瘦气质性感开叉裙子春秋2021新款
,151,51.35,1.0,时颖跨境裙裤2021夏季新款欧美纯色荷叶边高腰系带短裤女786283
,2978,43.00,0.4,M963 跨境精品 亚马逊独立站爆款 欧美性感蕾丝v领木耳边连体裤
,5273,79.00,0.2857,直筒牛仔裤女2021春夏新款女裤韩版高腰显瘦九分裤阔腿裤子20105
,4328,173.00,0.4706,2021欧美INS西装外套裙黑白红三色修身通勤大气色丁领连衣裙现货
,11,11.88,0.0,外贸货源跨境短袖女休闲大码宽松中长款过膝打底连衣裙夏季潮
,4587,29.00,0.0,2021跨境女装亚马逊ebay新款欧美外贸夏季时尚印花短款短袖T恤
,121,58.41,0.0,网红系列 小香风拼接织带茶歇法式连衣裙女夏短袖v领收腰气质长裙
,4025,112.00,0.0,短袖设计感不规则心机镂空灯笼袖娃娃衫衬衫韩版时尚蕾丝刺绣小衫
,4686,76.00,0.0,杭州桑蚕丝连衣裙2021夏气质仿真丝遮肚中老年妈妈装女裙
,5344,175.00,0.3571,TK 2021春夏新款气质优雅V领收腰连衣裙短袖修身显瘦长裙
,51,48.00,0.0,法式复古轻熟风气质洋气波点吊带裙性感连衣裙长裙子女夏
,30868,65.00,0.08,妈妈装春装洋气套装大码女长袖t恤上衣中老年女春夏季时尚两件套
,9236,43.00,0.5278,2021春季新款欧美外贸报纸印花连衣裙 长款衬衣裙
,4270,140.00,0.0909,毛圈长裤 女2020阔腿裤女气质百搭高腰垂感宽松女裤
,2070,23.00,0.0,外贸2021春秋新款复古气质缎面白衬衫女长袖上衣长袖衬衣打底衫潮
,2917,139.00,0.6,立领短袖网纱透视宽松款百褶波点印花系带收腰连衣裙2021夏季新款
,12941,38.00,0.1667,2021欧美春夏性感连衣裙 网状透视修身包臀长袖夜店性感连衣裙
,2357,127.00,0.5,胖mm大码连衣裙 夏款宫廷风复古旗袍气质棉麻印花连衣裙代发986
,403,45.90,1.0,2021夏季新品欧美女装V领高腰波西米亚连衣裙中长款A字裙亚马逊
,39568,59.00,0.25,【花花世界】春天就是要花枝招展连衣裙2021夏季新款可盐甜碎花裙
,14,12.00,0.0,短袖T恤女2021夏季新款圆领套头宽松字母印花外穿打底衫学生上衣
,22200,29.50,1.0,欧美跨境2021夏连体裤
,10290,21.88,0.0,韩版2021夏新款紧身T恤女低领螺纹修身纯色打底衫休闲短袖ins上衣
,2031,63.00,1.0,F1002实拍2021年新款胖MM大码蕾丝露肩吊带长款鱼尾显瘦连衣裙
,18724,32.00,0.25,2021夏季韩版气质学院派休闲西装短裤女高腰显瘦宽松阔腿时尚热裤
,3466,26.00,0.0,2021韩国chic春季甜美花边V领褶皱长袖衬衫
,90,15.00,0.0,新款懒人百褶防蚊裤束脚萝卜裤大码哈伦女裤春夏款休闲工厂批发
,36175,4.90,0.106,新款字母防蚊裤灯笼裤女高腰雪纺冰丝束脚裤薄款夏季飘飘裤爆款
,1799,59.00,0.0,2021夏季新款韩撞色绑带收腰显瘦连衣裙中长款无袖裙子
,10369,65.00,0.0,21SS/海岛假日 白色连衣裙2021新款春装高Ji感荷叶边裙子长短款
,7200,298.00,0.6667,2021夏季新款女装立领短袖钉珠印花修身气质款桑蚕丝连衣裙MJ1978
,916,35.00,0.625,跨境欧美亚马逊wish热卖复古原创50S波点一字领性感挂脖女上衣
,1355,47.00,0.1176,春夏季新款弹力高腰休闲裤修身显瘦九分裤黑色职业女裤喇叭裤2020
,117,8.00,0.0,牛奶丝双磨夏季新款时尚宽松大码女装中长款大版短袖t恤女上衣Ins
,3768,19.60,0.0147,新款束脚运动女裤休闲宽松高腰显瘦百搭ins三条杠学生直筒阔腿裤
,3134,31.00,0.0909,米白色牛仔短裤女2021夏季新款韩版高腰宽松显瘦阔腿翻边a字热裤
,119,39.90,0.0,雪纺衬衫女2021新款设计感小众上衣宽松叠穿气质百搭白衬衣打底衫
,1344,18.00,0.5714,2019#速卖通欧美爆款性感透视拉链长袖网纱女短款薄打底衫
,8671,8.50,0.4878,竖条纹波点系带宽腿潮女裤2020年夏季时尚修身宽松九分休闲阔腿裤
,8144,110.00,0.2353,ADER蓝色花朵印花长袖 打底衫
,16240,64.00,1.0,夏季碎花吊带网红连衣裙两件套2021年新款女早春小西装套装半身裙
,3365,65.00,0.0,休闲减龄背带裙套装女夏2021新款韩版复古中长款开叉连衣裙两件套
,580,64.00,0.0,21年夏季新款MLB满标连衣裙NY满印花刺绣短袖中长款T恤裙
,172,90.00,0.5,雪纺衬衫女2021夏新款设计感V领时尚洋气短袖职业装飘带白色衬衣
,1127,10.00,1.0,2021年新款夏装宽松网红烫钻兔子学生短袖t恤女上衣一件代发
,1974,42.00,0.3333,黑色紧身牛仔裤女春秋季高腰韩版修身显瘦百搭小个子烟灰色铅笔裤
,479,70.00,0.2,0323002 D女式连衣裙
,107586,68.00,0.25,春夏新品」2021新款韩版夏日白云朵朵立体植绒印花双色连衣裙网红
,21586,12.77,0.0559,新款印花t恤女装短袖纯棉夏季2021爆款潮牌ins女T恤宽松上衣代发
,287,38.00,0.0,V金蘑菇菇6色宝藏口袋t恤新面料柔棉盖丝圆领基础打底衫短袖女T恤
,109,7.80,0.0,运动短裤女2021新款高腰休闲裤子短裤学生韩版宽松显瘦阔腿裤热裤
,4776,59.00,0.25,春夏新款时尚女套装气质名媛雪纺喇叭袖衬衫上衣阔腿裤两件套女潮
,69976,120.00,0.0891,董小姐高端定制秋季套装女2021年新款醋酸西装吊带连衣裙两件套
,100,39.00,1.0,实拍 夏季新款设计感单排扣镂空高腰牛仔短裤女水洗破洞毛边热裤
,42921,6.00,0.2336,厂家批发灯笼裤女高腰束脚宽松显瘦雪纺冰丝薄款夏季成人防蚊裤
,5479,35.50,0.2797,2021春季新款卫裤女收脚运动裤直筒宽松显瘦休闲裤子潮牌字母女裤
,674,22.00,0.5,跨境ebay亚马逊外贸休闲简约棉裤女装 宽松九分阔腿裤
,1025,33.00,0.0,跨境专供亚马逊eBay热销女士牛仔短裤破洞显瘦女士牛仔短裤女裤
,2528,18.00,0.0,奶牛印花宽松短袖T恤2021款夏季清凉短袖T恤显瘦休闲打底衫T恤女
,74,31.00,0.0,YesasYou/好穿小T恤女春款V领套头短袖打底衫修身显瘦内搭上衣
,2633,53.00,0.2692,微喇叭裤 女裤弹力春秋季喇叭裤女新款韩版高腰女休闲裤长裤8092
,26828,155.00,0.5,2004507-2021春夏法式新款甜美减龄镶钻蜜蜂徽章复古荷叶边连衣裙
,4703,65.00,0.0,Kimhekim爱心短袖t恤女情侣装夏季2021新款半袖内搭打底衫上衣潮
,125,59.00,1.0,2021秋季职业装白色长袖衬衫女工装面试正装职业衬衣工作服ol套装
,83,83.50,0.0,天丝衬衫女女装2021新款潮衬衣女春秋款气质内搭上衣百搭洋气衬衫
,960,48.00,0.0,好质量! 韩版时尚2021马丁裤萝卜裤松紧高腰束脚收口休闲裤女裤
,8046,32.00,0.0508,280g白色秋冬宽松打底ins潮牌圆领长袖上衣纯棉纯色白t恤女打底衫
,4242,47.00,0.0952,可露肩拉链拼接纯色短袖T恤女春夏新款百搭打底衫上衣ins潮8092
,9062,50.00,1.0,2021春季新款欧美高腰钉扣牛仔喇叭裤气质修身显瘦牛仔女裤批发
,6463,52.00,0.4444,速卖通爆款非洲货源长袖衬衣领蕾丝开衫收腰A字摆连衣裙
,3910,21.00,0.3846,2020 夏季新款欧美女装速卖通亚马逊跨境渐变色扎染短袖大量现货
,33149,28.00,0.5,休闲裤女外穿夏季大码刺绣螺纹打底裤束腰显瘦运动健身芭比瑜伽裤
,2149,58.00,0.1053,2021春夏款女连衣裙法式复古裙过膝流行裙子套装女春夏刺绣两件套
,226,99.00,1.0,实拍薄款牛仔连衣裙女中长款2021夏季新款法式气质收腰显瘦衬衫裙
,272,32.00,0.4,长袖t恤女2020新款冬天秋衣外穿韩版中长磨毛洋气宽松上衣打底衫
,101,42.00,0.0,实拍~ 2021夏新款圆领衬衫女韩版短袖不规则时尚显瘦娃娃衫
,330,51.00,0.0,时尚性感修身显瘦短款背心裙子露背吊带连衣裙女2021春夏新款ins
,543,33.00,0.0,夏季中袖打底衫女2021新款韩版洋气圆领上衣时尚显瘦条纹针织衫潮
,24831,35.00,0.3,爱心牛仔裤女直筒宽松高腰短裤2021年新款夏小个子设计感a字热裤
,1988,95.00,0.5,职业装女士连衣裙夏季时尚西装领气质显瘦女神酒店珠宝工作服短袖
,546,11.00,0.2121,莫代尔打底衫女薄款春秋修身大码圆领内搭秋衣女打底长袖t恤黑色
,63,16.00,0.0,基础款短袖2021年新款女装夏季纯色t恤白色上衣九色糖果色小冰T恤
,800,275.00,0.5,2021连衣裙通透紫色天丝半开领套头五分袖中长裙夏
,449,25.00,0.1429,2020速卖通欧美爆款大码女装斜领纽扣大码背心不规则拼色上衣
,332,83.00,0.3333,2021春夏季凉爽雪纺裤裙阔腿长裤优雅薄款垂感仙仙裤女——030401
,8482,65.00,0.0,夏季上新 爱穿漂亮裙子的女孩 白底小玫瑰 温柔方领连衣裙吊带
,527,105.00,0.3333,实拍法式V领条纹泡泡袖雪纺连衣裙女夏季2021新款气质显瘦长裙子
,2259,56.00,0.0,蕾丝圆领镂空针织衫女2021春夏七分袖修身打底衫法式小众气质T恤
,759,74.00,0.2,2021夏季新款韩版时尚宽松大码假两件撞色法式胖MM显瘦连衣裙5795
,151,14.72,0.0,短袖t恤女宽松韩版头像纯棉半袖圆领内搭上衣ins潮2021年夏季新款
,107321,23.00,0.4151,韩国ins牛气冲天短袖T恤女春装新款白色字母印花宽松上衣潮
,1173,96.00,0.5,实拍新款春夏短袖连衣裙女宽松显瘦度假沙滩裙超仙白色荷叶边裙子
,302,106.00,0.0,前片真丝针织衫女拼接短款印花套头中老年夏薄妈妈装上衣一件代发
,1249,59.00,0.8,白色法式设计感吊带连衣裙两件套女夏2021新款小个子泡泡袖T恤裙
,1881,14.90,0.2222,短袖t恤女夏2021年新款ins潮网红白色打底衫内搭宽松纯棉短款上衣
,393,50.00,0.0,早春v领韩风chic甜美蕾丝花边撞色长袖针织衫毛衣
,5895,59.00,0.7,2019wish新款party欧美长袖连衣裙女性文艺复兴时期的中世纪服饰
,229,45.00,0.0,2021新款热销亚马逊速卖通新款欧美春夏时尚性感衬衫长裙连衣裙女
,987,139.00,0.6667,防晒衣连衣裙套装女2021夏新款薄款开衫上衣+印花无袖连衣裙4926
,284,999.00,1.0,风纯欲法式碎花浪漫带鱼骨吊带连衣裙中长款
,441,36.00,0.0,春装2021新款针织女卫衣网红宽松慵懒风条纹甜美的软糯连帽毛衣
,15527,12.80,0.3333,女装2021夏装新款网红短袖T恤女韩版宽松亮闪闪半袖上衣ins潮跨境
,2380,85.00,1.0,时尚网纱拼接连衣裙2021翻领气质显瘦减龄修身撞色长裙
,4368,50.00,0.8,亚马逊ebay2019秋季大码外套宽松中长款风衣加绒上衣女连帽卫衣裙
,1362,130.00,0.0,双排扣扣西装连衣裙女2021新款春季宽松显瘦气质炸街西装裙
,3639,27.50,0.7083,YI3055#欧美外贸时尚潮流夏季新款破洞流苏牛仔短裤女热裤
,1245,108.00,0.6667,夏娃娃领勾花镂空系带中长款连衣裙女裙子碎花裙短袖A字裙2021潮
,2331,27.00,0.0,黑色短袖t恤女ins潮2021新款夏季春秋韩版打底衫宽松内搭纯棉上衣
,80,35.00,0.0,冰丝针织衫2021夏季新款女气质短袖修身V领内搭T恤薄款蕾丝打底衫
,1247,15.80,0.25,珍莉佳休闲居家宅宅裤宽松版百搭宅家女裤秋季薄款收口外穿打底裤
,952,22.00,0.4615,速卖通wish跨境女装连衣裙 亚马逊性感欧美一字领绷带裙 夜店裙
,45,36.00,0.0,欧美2021夏季新款女装度假风时尚印花下摆绑带宽松短款衬衫 上衣
,326,31.00,0.0,外贸女装跨境实拍亚马逊新款欧美纯色ebayT恤女wish跨境宽松上衣
,5338,62.00,0.2,2021夏季新款V领冰丝针织衫开衫七分袖外套小披肩空调衫女上衣宽
,45691,70.00,0.0,夏季时尚套装2021新款女可盐可甜波点半身裙子减龄网红两件套洋气
,1008,63.00,0.0,I MISS短袖衬衫2021夏装新款棉麻纯色圆领高腰裙摆泡泡袖娃娃衫女
,20292,4.90,0.3333,春夏季新款女裤纯色百褶乱麻阔腿裤八分休闲裤厂家直销地摊货源
,26,25.31,0.0,包邮韩版2021新款修身显瘦百搭减龄娃娃领喇叭打底长袖蕾丝衫上衣
,200,47.00,0.1818,夏新款吊带连衣裤F8264现货欧美休闲布袋连体裤吊带宽松休闲裤
,2115,64.00,0.5,现货孕妇连衣裙背带裙夏季洋气网红孕妇夏装套装潮时尚长裙
,1306,96.00,0.3333,淡粉紫网纱裙连衣裙
,3683,52.00,0.1667,2020夏季新品中长款连衣裙通勤简约复古衬衫式连衣裙女
,926,45.00,0.0,2021春季新款春秋长袖V领上衣法式时尚雪纺白色衬衫女设计感小众
,323,33.00,1.0,欧美跨境新款亚马逊热销爆款女士牛仔裤破洞流苏性感牛仔短裤女裤
,24475,49.90,0.4231,2021新款斜纹烟灰色牛仔裤女高腰显瘦九分紧身小脚裤女豹纹
,333,31.80,0.2222,秋冬新款休闲带帽纯色卫衣 宽松大码女上衣时尚罩衫百搭斗篷跨境
,1349,63.00,0.5,月亮打底衫21ss早春荧光粉月牙印花弹力marine洋气紧身内搭T恤女
,24,21.00,0.0,褶皱黑色打底裙子女2021春装新款V领小心机开叉中长款吊带连衣裙
,1680,90.00,0.0,轻松养眼氛围优雅小香双排扣V领提花纹理小泡袖针织衫上衣外套春
,69,19.80,0.0,2021年新款连衣裙女韩版温柔风气质修身显瘦A字裙子女夏仙女裙子
,2211,55.00,0.0,LOUISA.S夏季新款印花短袖t恤女韩版宽松休闲字母打底衫圆领上衣
,382,40.00,0.0,2021夏季新品温柔风中长款收腰显瘦气质连衣裙女
,2084,87.00,0.5,2021夏季新款韩版翻领连衣裙长款海军风短款学生收腰A字裙批代发
,1318,28.00,0.0,黑色短袖t恤女2021新款夏季韩版宽松百搭打底衫ins潮白色半袖上衣
,169,8.00,0.5,半高领打底衫修身内搭上衣秋冬季2020长袖针织衫上衣女学生基础款
,335,39.90,0.1111,蕾丝衬衣女2021年新款碎花灯笼袖夏装雪纺衬衫镂空上衣雪纺衫
,831,6.82,0.0,t恤女2021年新款港风ins潮打底衫情侣夏装韩版宽松男女短袖上衣服
,4241,10.68,0.0,夏天短袖都市休闲卡通动漫宽松型外贸地摊韩版女式T恤打底衫批发
,204,24.00,0.5,春季新款单排扣修身显瘦长袖针织衫女洋气开衫毛衣打底衫
,3810,29.00,0.0,实拍2021夏季新款V领泡泡袖修身显瘦蕾丝拼接针织衫纯色短袖T恤女
,9995,24.00,0.5,2020速卖通亚马逊新款卖纯色七分袖小披肩 搭女生上衣
,160,152.63,0.0,套头长袖休闲打底衫上衣秋季新款v领通勤轻熟毛衣韩版百搭针织衫
,3980,13.50,0.1029,春秋莫代尔圆领百搭打底衫女内搭秋冬黑色长袖t恤2020年新款上衣
,28,28.00,0.0,雪纺衫女2021年夏季韩版时尚流行短袖衬衫气质收腰显瘦打底衫上衣
,1760,85.00,1.0,欧美海边度假连衣裙夏季2021新款甜美印花木耳边V领无袖鱼尾裙潮
,117,58.00,0.0,商场品质2021年春夏新款时尚休闲韩版气质品质碎花系带连衣裙
,1782,178.00,0.3333,法国M家 21春夏法式小香风气质重工花边撞色单排扣翻领针织连衣裙
,3839,7.99,0.0,2021夏季新款棉质t恤女短袖女装韩版黑白色字母宽松打底衫潮厂家
,498,80.00,1.0,2021新款贵夫人中年妈妈夏季气质高贵显瘦连衣裙
,441,39.00,0.25,中长款短袖t恤女2021年春装新款夏季网红宽松半袖上衣白色打底衫
,150,58.00,1.0,2021新着法式气质圆领压褶系带收腰短袖连衣裙
,3791,35.00,0.0,2021速卖通夏季新款都市休闲圆领短袖印花多层拼接大摆连衣裙短裙
,3244,28.90,0.0,胖mm春夏新款薄V领针织T恤女套头短袖宽松冰丝镂空薄款打底衫上衣
,2999,55.00,0.0444,蠢萌小熊印花Tee短袖t恤女2021年夏季新款打底衫内搭上衣体恤
,5500,39.00,0.0,夏季新款职业装女衬衫韩版商务男女同款翻领开衫凯捷汽车销售工服
,210,30.00,0.25,2021新款修身v领针织打底衫秋冬心机内搭毛衣紧身薄款女长袖上衣
,86,37.00,0.0,雪纺衫衬衫女夏季薄短袖碎花上衣沙纱2021中袖时尚洋气荷叶衬衣寸
,111,51.00,0.0,高领打底衫女秋冬内搭欧货2021新款修身中袖上衣七分袖短袖恤潮
,102,38.00,0.0,一件代发国风新款复古盘扣女式中长短袖上衣禅意茶服连衣裙套装女
,926,98.00,0.5,日系轻松2021秋季新款碎花裙子轻熟风收腰领口系带小心机连衣裙女
,1037,27.00,0.5,实拍2021春季新款打底衫女长袖上衣大码修身T恤百搭V领小衫潮9007
,185,99.90,0.0,直播春装新款翻领蕾丝拼接印花衬衫轻薄泡泡袖女士衬衫一件代发
,888,65.00,0.1111,白色泡泡袖连衣裙女夏短袖肌理圆领法式后背系带蝴蝶结长裙女
,454,34.00,1.0,2020ebay速卖通wish爆款  热卖无袖V领绑带时尚性感印花连衣裙女
,962,10.00,0.7778,新品跨境欧美女装2020秋冬款wish亚马逊ebay圆点印花长袖t恤
,1944,38.00,0.0,夏季薄款高腰牛仔短裤女2021年新款a字宽松显瘦时尚阔腿热裤潮ins
,614,29.00,0.0,2021连衣裙跨境亚马逊新款夏季女装性感露背吊带绑带无袖中长裙
,648,54.00,1.0,韩国新品时尚气质减龄重工可拆袖大翻领子单排扣灯笼长袖衬衫女
,13,8.90,0.0,短袖T恤2021新款女夏季百搭显瘦宽松中长款笑脸打底衫白色上衣ins
,9736,11.76,0.1667,夏季纯色T恤女式短袖 牛奶丝棉宽松休闲打底衫厂家批发一件代发
,375,14.90,1.0,2021夏季新款镂空套头针织衫女性感显瘦中袖针织上衣交叉圆领短袖
,31140,75.00,0.5,职业装连衣裙美容院工装女夏季新款短袖修身收腰纯色珠宝店工作服
,2450,395.00,0.0,2021春秋新款气质桑蚕丝V领时尚印花收腰显瘦中长款真丝连衣裙女
,459,15.50,0.6,亚马逊 新品2020年秋冬纯色毛绒舒适保暖套头女卫衣 MM204S1103
,160,16.80,0.5,外贸新款2021速卖通亚马逊印花圆领套头长袖T恤棉女上衣
,56,54.00,0.0,厂家直供新款孕妇夏时尚娃娃领开扣可哺乳甜美辣妈连衣裙
,20,18.00,0.0,女卫衣春秋绒衫休闲长袖帽衫女生运动卡通印花套头衫外贸一件代发
,100,30.00,1.0,半高领字母绣花毛衣女秋季2021新款修身长袖内搭木耳边针织打底衫
,361,23.98,0.0,一字肩碎花雪纺衫2021春夏新款性感温柔锁骨方领短款长袖上衣
,119,43.00,1.0,2020年新款女士运动休闲长裤秋冬宽松跑步训练健身裤瑜伽裤小脚裤
,3024,58.00,0.2183,——————2021新款印花套头长袖衫男女同款T恤 031203
,1151,31.00,0.7143,厂家货源2019现货新款夏季复古V领无袖纯色休闲大摆连衣裙
,432,47.00,1.0,2021夏季法式改良版旗袍连衣裙年轻款设计感显瘦初恋夏季新款少女
,233,21.00,1.0,高含棉2021新款女装气质韩版宽松显瘦裙子短袖荷叶边连衣裙女夏
,482,60.00,0.125,81534夏季新款男士青年纯色短袖T恤打底衫宽松休闲
,806,38.00,1.0,速卖通eaby亚马逊跨境电商长袖纯色宽松喇叭袖连衣裙
,101,47.00,1.0,爱心短袖T恤高腰气质不规则A字格子纹连衣裙少女时尚两件套
,201,35.00,1.0,2021夏女连衣裙欧美夏季性感深V领扭结豹纹印花显瘦连衣裙BA0730
,10018,0.22,0.5161,2021跨境欧美新款亚马逊速卖通印花短袖V领上衣大码女装 现货
,110,18.99,0.0,ebay速卖通wish爆款吊带沙滩露背包臀后背打结连衣裙
,6000,7.50,0.0932,2021夏季小雏菊碎花连衣裙仙女显瘦裙子超仙森系法式吊带少女裙
,2727,53.00,0.0,2021夏季新款赫本风法式甜美波点娃娃领减龄显瘦小黑裙短袖连衣裙
,61,60.00,0.0,实拍2021年夏季新款大码收腰显瘦雪纺连衣裙短袖假两件印花遮肚裙
,703,49.00,0.0,夏装2021新款小众设计感轻熟风收腰显瘦中长款一字肩碎花连衣裙女
,17395,42.00,0.625,实拍2021夏季新款简约开衫+压褶显瘦高开叉波点长裙批发
,2278,110.00,0.5,2020春夏季新款女修身连衣裙复古印花改良日常旗袍改良年轻款旗袍
,689,51.00,0.75,Z-8090亚马逊跨境气质轻熟衬衫式连衣裙女新款翻领收腰连衣裙女
,2639,24.80,0.0,贴标笑脸纯色T恤女2021春季新款休闲圆领宽松套头打底衫长袖上衣
,1613,59.99,0.0833,0413014爱儿童格子连衣裙
,140,41.00,1.0,亚马逊2019春夏新款女装 波西米亚沙滩度假风大摆百褶印花连衣裙
,833,16.00,0.0,牛仔短裤女2021夏季新款高腰阔腿宽松ins韩版显瘦网红薄款a字热裤
,205,33.00,0.0,【谷一】2021新款欧美跨境亚马逊独立站夏季V领性感印花短裙套装
,522,20.00,0.5,亚马逊爆款 2019夏新款圆领 下摆扭结纯色休闲T恤跨境女上衣
,417,176.64,0.0,工厂大码女装2021夏季新款法式复古桔梗裙温柔风森系茶歇连衣裙胖
,5332,43.00,1.0,连衣裙纯色气质通勤长裙修身裙子
,272,19.00,0.75,带绒加厚打底裤外穿女式高腰大码保暖棉裤弹力铅笔长裤秋冬厚款
,1218,46.00,0.0,复古亚麻格子背带裤女吊带连体裤格纹棉麻宽松五分裤阔腿裤
,306,25.00,1.0,2021春季新款 情侣装时尚两件套 卫衣+连衣裙 印花上衣
,5418,43.00,0.0278,LICKYSENIOR主推！进口白色针织打底衫短袖T恤女早春新款半袖上衣
,50,10.00,0.0,春夏季T恤女早春新款宽松韩版潮中长款原宿bf半袖连衣裙上衣跨境
,126,42.00,0.0,假两件t恤女短袖2021年新款女装夏装上衣服设计感小众女士体恤衫
,669,19.50,0.5294,2020落古泥原创复古纯苎麻百搭肚兜1097嫩粉花
,1424,28.00,0.6667,2020跨境秋款欧美ebay亚马逊wish女装时尚拉链印花长袖卫衣女
,681,58.00,0.0,实拍2021早春装温柔风设计感v领碎花连衣裙气质收腰显瘦法式长裙
,3099,28.00,0.25,2020夏新款韩版圆领冰丝针织衫简约短袖纯色休闲T恤打底衫女
,35,27.00,0.3333,2020外贸欧美跨境爆款女上衣热销 中国山水墨画连帽长袖套头卫衣
,59,52.00,1.0,2021夏装新款时尚V领碎花裙子短袖雪纺连衣裙
,12620,69.00,0.0588,SHOWAMIU滕雨佳一字领吊带连衣裙设计感众收腰气质仙女裙子女夏
,140,37.00,0.5,春装新款2021文艺范气质印花圆领长袖休闲宽松棉麻连衣裙 女
,558,16.90,0.3333,吊带连衣裙女2021新款秋装气质百搭显瘦裙子背心内搭打底外穿长裙
,480,40.00,0.0,韩国夏季新款宽松大码圆领刺绣卡通减龄学生ins短袖T恤打底衫女
,1226,50.00,0.0,一件代发短款莫代尔长袖t恤女 宽松圆领纯色打底衫 柔软冰丝上衣
,2249,60.00,0.4286,长袖T恤打底衫19019
,2879,35.00,1.0,跨境电商外贸亚马逊 独立站春夏新款V领腰带短袖休闲印花女连衣裙
,568,13.90,0.0,夏季2021新款拼接假两件方领露脐高腰修身显瘦灰色短袖t恤女上衣
,44,38.00,0.0,欧美夏季新品破洞时尚女士短裤独立站亚马逊翻脚卷边排扣流行热裤
,6548,165.00,0.3077,法单M家 2021春夏新款 甜美风印花V领单排扣青春短袖连体裤13022
,1702,50.00,0.3333,2021夏季新款欧美压褶、短袖OL双领修身连体女衬衫
,126,57.00,1.0,2020复古秋装新款女提花圆领修身短款长袖针织衫毛衣打底衫女
,187,36.00,1.0,欧美wish速卖通2020秋冬女装新款大码小熊字母印花卫衣
,2275,275.00,0.1429,0409k4一件代发2021春季新款女士时尚西服外套  网纱两色半身裙
,2951,13.00,0.0,夏季新款薄款女士V领镂空套头打底衫韩版宽松外穿纯色镂空衫潮女
,84,26.00,0.5,衬衣职业女上衣高端气质秋装新款港风衬衫女长袖复古印花雪纺衬衫
,330,62.00,0.0,中长款法式温柔风衬衫式初恋连衣裙女夏季白色吊带裙子气质两件套
,13,12.00,0.0,【实拍】2021夏季新款宽松大码韩版印花大码女式中长款打底衫上衣
,2409,39.90,0.0,不规则半身裙T2102
,2530,46.00,0.0,春夏2021新款时尚气质碎花短袖衬衫女蕾丝拼接娃娃领雪纺衫上衣
,148,65.00,0.0,妈妈装春夏季时尚松紧腰哈伦休闲裤收腰显瘦中老年女裤直筒九分裤
,7979,67.00,0.3,2021春秋中长款宽松长袖字母印花连帽简约白色百搭ins薄款女卫衣
,17378,51.00,0.0599,unity尤尼 十三行2021春季长袖短款黑色连帽拉链针织开衫小外套女
,592,24.00,0.0,撞色条纹短袖连衣裙女宽松韩版慵懒风冰丝针织显瘦T恤中裙夏新款
,210,16.17,0.0,2021年新款白色短袖t恤女宽松圆领打底衫女内搭半袖黑色上衣ins潮
,40,38.00,0.0,春装2021新款洋气网红时尚温柔风打底短款针织开衫v领 毛衣外套女
,342,102.60,1.0,连体裤宽松显瘦休闲裤连衣阔腿裤套装YHY9228
,56,56.91,0.0,2021春秋季新款方领收腰针织连衣裙高腰花苞短裙长袖蓬蓬裙子女装
,1500,26.00,0.3,秋冬季新款厂家批发莫代尔带胸垫罩杯一体纯色简约女士打底长袖衫
,445,19.99,0.5556,2021跨境亚马逊棉麻印花休闲舒适松紧腰女长裤现货厂家直销
,2856,28.00,0.0,实拍夏季男女欧美连衣裙长裤套装潮流百搭情侣学生两件套时尚潮流
,467,75.00,0.0,懒人备棉减龄下摆开叉藏肉显瘦宽松连衣裙女条纹T恤裙春夏TW0409G
,280,67.00,0.0,2021年夏季性感一字领抹胸斜肩挂脖式肩带连衣裙女修身显瘦包臀裙
,354,39.90,0.0,洋气童装裙2021夏季新款韩版气质女童蝴蝶结前后两穿牛仔连衣裙潮
,1844,35.00,0.0588,十三行大厂货！R*N家~韩单ins气质V领无袖宽松显瘦缎面吊带连衣裙
,4187,62.00,0.0,WASEI水冰冰早春裙子chic炸街温柔系穿搭白色连衣裙2021新春
,4589,10.50,0.3125,运动裤宽松夏季薄款休闲裤女阔腿垂感束脚春秋坠感防蚊冰丝灯笼裤
,568,38.00,1.0,2021棉五分袖T恤女韩版宽松显瘦不规则开叉打底衫夏季中长款上衣
,116,23.00,1.0,秋季高腰学生显瘦萝卜裤百搭牛仔哈伦裤女黑白色bf宽松九分裤批发
,70,69.90,0.0,韩版高腰显瘦弹力修身牛仔裤2021春季新款女装紧身九分铅笔小脚裤
,157,39.00,0.0,黑白格子休闲裤女2021年春夏装新款百搭复古松紧腰气质束脚裤女裤
,241,59.90,0.3333,2021mlb夏款女士连衣裙韩版休闲ny中长款女士长裙 一件代发040502
,57,54.00,0.0,实拍 2021新款时尚法式撞色拼接包臀裙褶皱泡泡袖修身连衣裙
,28,11.90,0.0,2021夏季宽松大码T恤女圆领中袖蝙蝠衫下摆抽绳上衣夏时尚妈妈装
,773,79.00,0.5,红色加绒牛仔裤女2019新款加厚抓绒哈伦裤高腰休闲棉裤萝卜裤批发
,336,48.00,0.0,速干夏季薄款冰丝运动裤女2021新款宽松束脚灯笼裤防晒防蚊休闲裤
,689,56.00,1.0,实拍夏季新款韩版休闲棉麻纯色衬衣裙 收腰显瘦短袖中长款连衣裙
,144,29.88,0.0,2021春夏季新款连帽黑色修身长袖打底衫针织开衫小外套女装ins潮
,1444,47.50,0.4643,83263 皮裤外穿拼接性感显臀街头暗黑pu女裤紧身高腰哑光紧身秋冬
,67,29.59,1.0,2020跨境专供 wish独立站欧美 女士蒲公英印花拼接长袖连衣裙
,6340,30.00,0.0,厂家直销高腰显瘦牛仔短裤夏季新款a字阔腿裤女跨境薄款ins热裤潮
,336,23.00,1.0,曼戈伊95棉小心机露肩吊带裙不规则金属扣修身纯色小众连衣裙女夏
,40,38.00,0.0,2020秋冬新款独立站女装时尚纯色印骷髅头圆领长袖卫衣WISH爆款女
,58,29.00,0.0,2021  欧美棉麻洗水棉时尚个性纽扣大码休闲女裤
,192,38.99,0.5,紧身牛仔短裤女夏高腰性感提臀修身显瘦A字热裤
,2383,53.00,0.8571,卫衣 女2021春秋新款韩版长袖拼色开衫连帽女式卫衣开衫外套女316
,92,28.00,0.0,跨境热卖大尺码2021夏季爆款VOVAwish亚马逊eBay针织圆领连衣裙女
,69,16.00,1.0,连衣裙女2021新款韩版中长款学生时尚气质仙女可爱打底套头圆领裙
,4782,139.00,0.3256,『西米露』甜美lolita蕾丝灯笼袖修身显瘦气质优雅雪纺打底衬衣
,10437,52.80,0.25,素笺 两件套配披肩短袖雪纺连衣裙韩风碎花印花中长款V领连衣裙子
,47,59.88,0.0,jk白衬衫女学院风棉长袖娃娃领带领带少女日系春秋内搭打底衬衣
,11,10.40,0.0,冰丝2021春夏新款针织衫女装韩版修身打底纯色领短袖恤女上衣潮
,19,18.00,0.0,2021夏季新款欧美亚马逊ins心形菱形提花针织显瘦吊带背心外穿女
,2445,25.00,0.0278,白色短袖冠君t恤女宽松大码2021夏季新款学生纯色打底衫批发代发
,964,23.50,0.5,亚马逊2021春夏新款欧美女装ebay亚马逊wish货源打结短袖连衣裙女
,298,50.00,1.0,春印花中长款中腰长款棉气质通勤中长裙白色套头气质连衣裙40110
,103,20.00,0.5,2020万圣节装扮神奇女侠 cosplay服装 弹力打底裤印花背心女套装
,86,86.94,0.0,冰丝防晒针织开衫女装薄款外搭披肩新款大码胖女人镂空空调衫外套
,56,56.00,0.0,新品侧边开叉复古港风包臀裙高腰设计感牛仔半身裙裤裙5589
,2998,30.00,0.0,春夏季2021新款韩版气质修身显瘦短袖针织衫打底衫内搭女可代理
,762,59.00,0.3333,S3687 跨境欧美女装秋季新品休闲数码印花彩色流苏螺纹长裤套装
,2108,27.00,0.6,2019eBay速卖通wish欧美新款纯色高腰口袋束脚绑带休闲女士小脚裤
,1293,38.00,0.5455,jumpsuit2020欧美亚马逊wish爆款连体裤休闲大码长裤连体背带裤
,20,19.00,0.0,春夏季新款网纱拼接短袖T恤裙女上衣圆领中长款胖MM假两件连衣裙
,628,11.00,0.0,2021欧美跨境新款女装eBaywish纯色无袖吊带豹纹花边宽松裙衫
,75,22.00,1.0,网红雏菊气质连衣裙女2020春秋新款韩版小个子裙子复古碎花衬衫裙
,876,48.00,0.4706,2020欧美秋冬新款加厚女式中长款开衫羊羔绒连帽长袖女卫衣保暖
,85,17.00,1.0,2021春季新款直筒束脚卫裤宽松显瘦运动裤女装大码休闲哈伦裤批发
,428,36.60,0.0,外贸跨境2021春夏新款女装 短袖印花V领系带中长款大摆连衣裙女
,3707,60.00,0.5385,ebay欧美亚马逊外贸跨境女装金色银色风衣连帽防水运动外套表演服
,350,34.00,0.0,大码女装趣味卡通印花T恤女夏季新款韩版宽松中长款短袖上衣
,1627,33.00,0.0,亚马逊欧美外贸新款女装 收腰显瘦方领短袖波点连衣裙
,599,105.00,0.0,夏季女装设计感小众白色娃娃领衬衫泡泡袖短袖衬衣女短款法式上衣
,6192,64.00,0.1471,2021春新款复古针织开衫女装宽松慵懒风韩版圆领温柔红色毛衣上衣
,902,39.00,0.5,YD8287 新款欧美女装时尚休闲亚马逊纯色绑带连体裤跨境女装
,5785,36.00,0.0,上衣针织毛衣女宽松百搭外穿2021年新款春装洋气女装蕾丝袖打底衫
,259,69.00,1.0,优质版2021新款女夏韩版女装优雅大v领高腰单排扣公主袖连衣裙
,641,42.00,0.3077,LD8790欧美女装亚马逊WISH喇叭阔脚牛仔裤
,2395,58.00,0.0417,大码女装2021年新款夏款连衣裙性感时尚黑色吊带裙显瘦修身长裙潮
,654,50.00,0.125,夏季清新色系水彩感印花 韩范女装上衣女 显瘦V领衬衫女七分袖
,1898,57.00,0.0,2021新款大码女装印花连衣裙时尚温柔风胖mm收腰显瘦气质短袖长裙
,2355,190.70,0.0,欧洲站新款时尚女装长袖性感短上衣两件套裙装 2020秋冬绷带套装
,3092,45.00,0.2917,小个子针织开衫女装2021年春秋新款高腰洋气小外搭小款毛衣外套
,1748,25.00,0.0,2021夏季新款纯棉短袖t恤女宽松印花大码女装打底衫内搭一件代发
,751,38.00,0.5,速卖通爆款针织衫女2020秋冬新款日系女装气质修身半高领毛衣现货
,1532,53.00,0.0,2021夏季新款中国风女装改良版复古风雪纺仙气连衣裙禅意茶服女
,150,28.00,0.0,短袖t恤女2021年新款春夏女装学生韩版宽松网纱半袖上衣潮ins学院
,3768,69.00,0.1579,纯色牛仔大码背带裙休闲韩版大码连衣裙胖妹妹的衣服女装k650
,24,11.50,1.0,2021春秋白色长袖t恤女装打底衫女内搭卡通体恤韩版新款
,194,19.00,0.5,女装货源批发2021夏季网红热销优质棉美式中长款短袖t恤女宽松
,3222,64.00,0.0,胖mm连衣裙夏装2021新款时尚网红洋气大码女装牛仔背带裙两件套
,8469,38.00,0.5,欧美跨境新款2021亚马逊春季外贸女装性感一字肩长袖抽皱修身套装
,11551,42.00,0.3235,2020夏季女装亚马逊跨境短袖法式碎花v领连衣裙女沙滩度假欧美
,473,14.00,1.0,外贸大码女装碎花短袖连衣裙2020夏季胖mm遮肚高腰显瘦过膝连衣裙
,751,26.00,0.5,新款渐变T恤 wish亚马逊欧美外贸女装 开领荷叶袖长袖上衣大码T恤
,1952,40.00,0.6,小个子高腰T恤女装新款2021夏季修身显瘦休闲短款短袖上衣ins潮
,516,29.00,0.0,大码女装胖mm设计感裙子减龄洋气收腰显瘦气质露背短袖连衣裙女夏
,6598,60.00,0.0,大码女装2021夏季短袖雪纺碎花裙胖MM气质收腰显瘦遮肉时尚连衣裙
,62,26.00,0.375,2020欧美女装跨境爆款秋冬长袖印花新品套头休闲圆领上衣宽松卫衣
,194,29.00,0.0,2021夏季新款韩版时尚大码女装V领条纹短袖t恤女打底衫上衣
,8486,37.00,1.0,亚马逊跨境2021春夏新款女装宽松休闲连衣裙5分袖中长V领连衣裙
,1340,35.00,1.0,跨境女装亚马逊2021夏季新款 吊带简约印花小个子清新甜美连衣裙
,797,31.00,0.0,2021春夏季新款女装黑色吊带裙子气质女神范衣服短款显瘦连衣裙
,2175,25.00,0.619,2020外贸跨境女装时尚宽松圆领数码印花长袖上衣8975
,352,79.00,0.0,运动休闲套装中老年女装2021新款妈妈减龄夏装短袖t恤宽松上衣
,161,28.00,0.0,2021夏新款圆领印花桑蚕丝短袖T恤女装春季宽松复古印花短款上衣
,773,59.00,0.0,2021春夏新款大码女装民族风刺绣撞色拼接棉麻连衣裙女
,2395,46.00,0.0,2021夏季新款女装套头短袖TB撞色条纹圆领薄款镂空针织上衣现货
,772,58.00,0.0,碎花雪纺连衣裙夏天2021新款时尚女装小个子长款气质修身中长裙子
,9249,42.00,0.4667,DN8241跨境2019夏季性感气质欧美女装扎染吊带裙套装 两件套 夜店
,565,31.00,0.7143,亚马逊爆款复古女装 圆领无袖波点印花蝴蝶结系带收腰大摆连衣裙
,146,47.00,0.0,小黑裙2021年新款小众开叉蝴蝶结小个子吊带连衣裙女装气质短裙子
,2484,20.00,0.375,2021春秋女装新款简约气质大码衬衫女长袖上衣宽松衬衣打底衫
,3257,50.35,0.1818,2021新款女装夏季两件套条纹雪纺短袖上衣短裤休闲时尚洋气套装女
,855,31.00,0.0,9654#2021秋季新款亚马逊爆款欧美女装字母印花长袖长裤休闲套装
,5211,50.00,0.0769,蝴蝶结衬衫女装春装2021年新款潮欧货女士春款欧洲站洋气衬衣上衣
,559,40.00,0.0,2021夏季韩版女装露肩裙子收腰修身显瘦女赫本小黑裙吊带连衣裙女
,1321,44.00,0.5455,2020速卖通亚马逊爆款女装秋冬季多功能袋鼠卫衣外套装育儿袋卫衣
,13230,55.00,0.0,韩版时尚毛衣外套女2021春季宽松连帽设计感系带针织开衫女装上衣
,38,20.00,0.0,2021夏季欧美亚马逊女装上衣 时尚圆领宽松无袖条纹背心外贸t恤
,7488,17.00,0.5714,欧美女装T恤中长袖上衣宽松蝙蝠衫 D066
,385,30.35,0.0,2021早春新款大码女装减龄遮肉收腰背带裙洋气衬衫连衣裙女两件套
,918,71.00,0.0,【温婉柔情】绣花气质长短款旗袍连衣裙泡泡袖优雅绣花女装2021夏
,1054,39.00,1.0,短袖2021年韩版女装新款T恤夏季网红ins超火宽松印花中长款上衣潮
,274,30.00,0.0,夏季上衣半袖设计感小众短袖2021年新款纯棉早春t恤女装ins潮网红
,6187,20.00,0.5714,2020亚马逊新款wish跨境女装豹纹短袖女式T恤上衣
,885,39.00,0.6,2020速卖通欧美女装时尚潮流圆领字母印花宽松基础长袖卫衣上衣新
,6486,43.00,0.4,2021亚马逊ebay 欧美女装显瘦圆领七分袖印花欧根纱连衣裙中长
,1866,38.80,0.2667,2020新款秋季女装上衣潮 条纹气质通勤套头长袖t恤背心两件套女
,3166,86.00,0.0,实拍2021春装大码女装新款胖MM洋气显瘦蕾丝裙时尚V领遮肚连衣裙
,918,27.00,1.0,2021跨境欧美外贸女装新款V领吊带印花女装蝴蝶结沙滩露背连衣裙
,15464,44.00,0.5,5253跨境女装欧美亚马逊WISH糖果色裹胸+喇叭裤条纹套装 批发
,1186,23.00,0.75,跨境亚马逊欧美2021新款春夏性感V领宽松短袖T恤 INS休闲居家上衣
,18,17.00,0.0,2020夏季亚马逊wish速卖通字母印花嘴唇印花圆领短袖T恤女装
,1836,45.00,0.3333,韩国2021夏季新款女装韩版圆领网红净色套头衬衫女
,1324,19.90,1.0,95聚酯纤维 5%氨纶纯色短袖套装裙2021夏季新款休闲简约女装套装
,341,83.00,0.0,短袖印花针织衫t恤女夏季2021新款韩版上衣短款圆领体恤女装批发
,323,24.50,0.3333,跨境女装2021速卖通流行宽松卫衣女秋冬韩版潮中长款套头上衣绑带
,2386,24.00,0.625,跨境2020亚马逊独立站热卖欧美女装速卖通细条阔腿长裤女小脚裤
,1752,37.00,0.2222,外贸2020夏季新款 印花背带女士休闲裤 宽松大码女装连体裤
,5893,15.00,0.5,2021跨境亚马逊wish春夏季新款女装 欧美格纹印花口袋V领短袖衬衣
,24516,21.78,0.4,欧美独立站2021夏季新款女装亚马逊跨境圆领套头印花短袖上衣
,1510,28.00,0.2222,长袖衬衫春秋女装时尚潮流女装木耳边洋气小衫名媛气质喇叭袖上衣
,603,29.00,0.1429,实拍刺绣短袖t恤女装2021年夏季新款时尚韩版宽松圆领打底上衣潮
,618,37.00,0.625,E502欧美女装夏季新款ebay亚马逊wish热销吊带长上衣前短后长收腰
,5169,49.90,0.5714,跨境时尚女装欧美外贸2020秋新款性感修身高腰纯色pu皮长裤阔腿裤
,118,59.94,0.5,韩版西装百褶连衣裙2021夏季气质复古收腰气质港味小个子裙子女装
,7311,129.00,0.6667,2021春季女装新款职业两件套名媛气质长袖衬衫上衣裤子时尚套装女
,3748,65.00,0.625,2021春季女装新款方领修身韩版金丝绒闪光链条长袖上衣女批发6009
,61,27.00,0.0,欧美新款条纹竖纹性感包臀裙连衣裙女外贸女装跨境亚马逊
,1876,29.00,0.4667,五分袖t恤女ins潮女装2021夏季新款衣服女韩版中长袖上衣一件代发
,1024,19.00,0.5714,现货 夏季新款亚马逊爆卖欧美女装宽松短袖印花T恤上衣 OM9254
,56,29.00,0.0,2021夏装新款时尚胖妹妹遮肚领带显瘦大码女装夏季两件套减龄套装
,29524,18.00,0.4915,2021亚马逊Wish欧美跨境春秋冬新款女装卫衣扎染连帽运动宽松上衣
,73138,85.00,0.3488,连衣裙2021新款女装夏季代发v领韩版气质显瘦收腰仙女小雏菊裙子
,2845,65.00,1.0,实拍2021夏季新款连衣裙女装法式御姐设计感气质小个子显高短裙
,1234,39.90,0.2222,2021新款大码女装胖妹妹时尚气质连衣裙女遮肚子显瘦收腰裙子女夏
,352,49.90,0.25,2021速卖通Wish女装欧美风街头嘻哈彩色印花不规则休闲直筒裤女潮
,45275,25.00,0.0,女装2021夏季新款韩版五分袖V领薄款宽松大码针织白色针织衫春款
,1465,61.00,0.1667,2021夏装新款女装V领法式优雅长裙碎花短袖连衣裙女
,66,66.00,0.0,韩国ins女装外贸夏季新款法式简约时尚长款修身显瘦套装批发
,1226,23.80,0.375,欧洲站热销时尚性感连衣裙2020秋季新款圆领长袖裙子外贸女装批发
,3826,24.00,0.4615,女装 夏季2021新款韩版百搭打底衫 修身T恤衣服女夏季短款上衣女
,866,24.00,0.75,2021新款亚马逊wish欧美女装夏季爆款裙子短袖印花宽松连衣裙跨境
,2640,53.00,0.7143,欧美新款女装长袖蕾丝拼接修身包臀性感铅笔裙连衣裙中裙后背拉链
,538,15.90,0.4286,现货外贸批发短袖T恤衫 速卖通亚马逊wish懒惰朋友印花热卖女装
,3371,19.00,0.4545,2021跨境欧美春夏亚马逊wish新款女装纯色圆领宽松短袖女士T恤
,5002,40.00,0.3,醋酸短袖t恤女欧洲站女装2021新款口袋拼接棉体恤气质一字肩上衣
,185,39.00,0.0,路铭女装胖妹妹t恤宽松棉质大码胖mm夏季女遮肚子肉显瘦短袖上衣
,7486,66.00,0.4118,2021春夏棉麻女装新品念百秀纺禅意柔软舒适女式阔腿瑜伽打坐长裙
,1124,75.90,0.0,改良版中国风女装汉服旗袍女学生司藤高雅年轻少女长款气质连衣裙
,574,23.00,0.2857,2021女装新款欧美亚马逊扎染印花V领短袖上衣T恤
,190,29.00,0.6667,2020亚马逊跨境秋冬新品女装上衣 欧美纯色休闲宽松套头长袖卫衣
,907,70.00,0.0,实拍2021新款欧洲站夏季学生印花短袖T恤+牛仔短裤两件套潮流女装
,405,33.00,0.5,2021韩版夏装新款女装时尚重工个性镂空红色t恤女短袖宽松上衣潮
,79,16.00,0.3333,6535棉 2021夏季新款宽松圆领中长款大码半袖T恤女学生上衣女装潮
,823,38.00,0.0,21春新款wish女装韩版宽松简约刺绣条纹刺绣亮片T恤女上衣可代发
,1233,55.00,0.0,高腰牛仔裤子女潮2021夏新款韩版休闲网红时尚开叉弹力牛仔裤修身
,51,48.00,0.0,2021夏款韩版女装法式浪漫碎花V领连衣裙度假裙子女
,80,40.00,1.0,民族风大码宽松棉麻刺绣花圆领五分袖连衣裙女装2021夏季新款实拍
,284,28.00,0.3333,卫衣2021秋季新款卡通连帽套头七分袖T恤女宽松大码女装上衣
,1442,21.00,0.2308,2021亚马逊跨境货源夏季新款女装 欧美性感镂空露脐短袖圆领上衣
,410,24.00,0.0,雪纺长袖衬衫2021春装百搭时尚潮流女装遮肚洋气小衫名媛气质上衣
,11279,30.00,0.0,2021春新款打底衫缎面仿丝大码女装上衣宽松圆领七分袖T恤女
,206,32.00,0.5,2020wish ebay欧美热卖女装复古印花纯色贴口袋系带棉麻背带裤
,1144,25.00,0.7059,亚马逊跨境外贸欧美wish女装秋冬货源新圆领长袖口袋t恤上衣
,1945,37.00,0.4286,Y171 欧美性感女装  亚马逊2019爆款女装休闲连体裤 印花连体裤
,11229,93.00,0.5455,欧美女装 宴会派对晚礼服 亚马逊wish蕾丝刺绣流苏连衣裙 两件套
,22,15.00,0.0,2021夏季新款欧美女装亚马逊Wish独立站爆款 抽绳T恤短袖露肩上衣
,84,24.00,0.0,现货色码齐全2021欧美女装速卖通wish新款动物印花v领短袖T恤上衣
,143,68.00,0.0,大码女装胖妹妹2021夏季新款减龄娃娃领收腰系带显瘦中长款连衣裙
,170,26.00,0.5,2020欧美外贸跨境新款女装 圆领短袖图案印花宽松套头现货
,1864,27.00,0.0,2021夏女装新款韩版纯棉宽松半袖彩色卡通小熊印花短袖T恤女 批发
,93,24.00,0.0,春装2021年新款女装潮很仙的洋气小衫春秋时尚上衣长袖雪纺衬衫女
,248,47.00,0.0,外贸2021欧美春季新款女装圆领时尚纯色宽松显瘦长袖连衣裙短裙
,945,35.00,0.5,2019跨境欧美女装上衣亚马逊ebay速卖通爆款圆领时尚印花+流苏T桖
,33,34.00,0.0,欧美时尚女装2021春新款ins性感镂空大露背立领长袖短款修身上衣
,3870,129.00,1.0,2021夏装海边度假连衣裙欧洲站长裙女装连衣裙高个子到脚踝白色
,6542,41.00,0.3333,亚马逊2021春夏新款跨境欧美女装wish纯色无袖宽松休闲套装
,68,26.00,0.25,亚马逊 2020欧美外贸女装新款上衣 宽松长袖围领印花卫衣
,917,28.00,0.0,2021实拍潮夏季新款加肥加 大码女装胖mm胖妹妹显瘦上衣短袖T恤
,11051,37.90,1.0,2021韩版夏装新款女装时尚重工个性镂空红色t恤女短袖宽松上衣潮
,1806,33.00,0.25,SZ8021跨境美女装纯色抽绳露肩露腹性感2件套裙女
,390,52.00,0.0,蓝色抽绳2021春装新款女装蓝色贴布松紧腰高腰休闲运动卫裤九分裤
,493,47.00,0.0,很仙的法式小众桔梗裙子女装新款夏季收腰显瘦气质波点雪纺连衣裙
,425,24.00,0.0,白色高腰上衣女短款V领针织衫短袖修身冰丝t恤夏季女装2021
,66,17.00,1.0,2021欧美女装新款速卖通独立站抽象绘画印花休闲短袖T恤上衣工厂
,97,43.65,0.0,法式方领短袖t恤女2021夏季新款女装修身高腰复古露锁骨上衣ins潮
express_fee,integer,price,rePurchaseRate,title
,,12.00,,夏季新款女装连衣裙杂款直播吸粉长裙外贸尾货走份大众款地摊出口
,,12.00,,夏季韩版外贸雪纺连衣裙杂款服装尾货地摊跑江湖夜市走份女装裙子
,60,14.00,0.0,斜纹TR色织女装西装连衣裙a字短裙百褶裙箱包鞋帽小格子现货面料
,16521,0.35,0.1579,源头厂家 皮标定做 现货pu皮标 男女装 童装 牛仔裤鞋包 皮标皮牌
,140,20.00,0.0,2021春夏80支全棉超密府绸轻薄印花女装童装衬衫连衣裙时尚花型
,32,15.00,0.3333,厂家直销现货供应全棉纱罗布提花布童装衬衣女装2019春季新款530#
,261,2.80,0.0,时尚服装辅料中号雪纺天鹅布贴装饰衣服补丁绣花加工女装配饰绣花
,42,7.80,0.0,春夏小清新碎花 雪纺韩国丝平纹印花 女装童装汉服连衣裙上衣
,25,15.00,0.0,菠萝雪纺数码印花女装面料高档仿真丝连衣裙衬衫防晒服布现货批发
,200204,1.05,0.0,网纱条码花边 8.5cm lace fabric 女装网布花边 袖口领口花边辅料
,170,13.80,0.0,全棉印花法兰绒 秋冬女装连衣裙娃娃衫绒布 全棉拉绒布现货批发
,1079,6.00,0.0,绍兴工厂直销现货蕾丝全锦纶无弹高端时尚女装连衣裙蕾丝面料花边
,18,0.95,0.0,厂家直销 6.5CM六叶花棉布蕾丝花边 女装童装水溶花边
,,15.00,1.0,法式桔梗小碎花型日韩网红女装连衣裙雪纺面料服饰时装印花底布料
,4,2.80,0.0,隆盛卡通毛巾绣绣花兔子童装女装服装diy刺绣时尚装饰布贴勾毛绣
,411,40.00,0.0,新款色织大提花面料高端大牌金银丝连衣裙时尚清新女装进口布批发
,88,7.50,0.0,厂家直销时尚女裤四面弹烫金蛇纹面料涤纶弹力面料欧美女装面料
,4029,10.20,0.0,现货 200g全涤阳光珠雪纺面料 阳光麻春夏汉服连衣裙女装布料
,1219,35.00,0.3636,40S精棉1x1罗纹 220g长绒棉奥代尔弹力罗纹布 女装打底衫T恤面料
,2552,5.90,0.0,100D四面弹梭织平纹弹力雪纺女装汉服连衣裙睡衣桌布面料雪纺
,55,47.00,0.0,真醋酸弹力缎上衣衬衫外套连衣裙吊带裙半身裙女装布料
,80,9.00,0.0,厂家直销环保染色提花女装童装衬衫家居服连衣裙睡衣全棉纱罗现货
,133,13.50,0.0,新款全棉双层条子纹大提花面料 秋冬复古连衣裙汉服女装布料批发
,44,9.90,0.0,现货春秋时尚涤纶雪纺（厚佳丽麻）高档女装职业装女童裤子时装料
,70,35.00,0.0,170克卫衣小乱花人棉涤毛圈提花布针织时装面料童女装T恤外套布料
,17,17.00,0.0,夏秋高密细斜磨毛砂洗棉 纯棉洗水棉 女装衬衫连衣裙吊带衫裤裙
,383,27.00,0.5,灯芯绒厂家 11坑无弹外销活性环保灯芯绒秋冬女装外套裤装 可定色
,,6.90,0.0,天丝子母竹节条 S455 新款女装上衣 吊带衫 裤装面料批发
,,8.80,1.0,吉祥麻仿真丝女装面料现货本白现货数码印花底布
,4750,10.00,0.0,现货供应100D*100D女装汉服上衣连衣裙内衣婚庆梭织布料 雪纺面料
,1697,11.50,0.0,弹力斜纹涤纶雪纺梭织面料 现货 连衣裙小清新女装吊带衫布料
,109,22.50,1.0,A0611#春夏新款时尚女装面料 天丝斜纹花条衬衫裙子时装面料批发
,,14.50,0.0,网红新款018/HB25-1 缎面雪纺 数码印花本白半成品化纤系列 女装
,,20.00,1.0,秋冬时尚女装豹纹斑马纹灯芯绒布批发零售 21W锦涤灯芯绒厂家现货
,277,9.00,0.0,全锦纶尼龙睫毛蕾丝面料虾粉白色现货平板花边无弹皇冠女装童装
,,9.10,0.5,120g乱纹皱布料 75D乱皱雪纺面料 薄款丝巾连衣裙女装布
,107,10.00,0.0,提花隐条大格子女装休闲衬衫连衣裙淘现货梭织经典百褶裙先染布
,40,14.00,0.5,[爆款促销]垂感仿真丝色丁龟纹梭织提花 吊带衫女装西服睡衣布料
,,53.50,0.0,大码女装短款外套女2020秋季新款胖妹妹遮肚显瘦工装夹克上衣女潮
,,14.00,1.0,现货衬衫连衣裙布料 全棉仿麻加密竹节棉麻女装短袖短裤面料B6190
,1705,15.00,0.0,厂家现货 涤棉欧根纱色织格子布 春夏新款连衣裙吊带衫女装面料
,,9.80,0.0,秋冬色织提花上衣女装裙子大风车千鸟格围巾面料 人棉黏胶涤混纺
,16,1.00,0.0,色卡提供，下单备注：  春夏/秋冬+风格（棉麻/时装/男装/女装）
,4623,28.00,0.1818,1057#日式印花棉麻布女装服装包包布料 烫金青海波
,6790,15.00,0.0,厂家多色现货供应 加厚锦棉 高品质水晶棉 时装女装礼服老年布
,,18.00,0.0,库存现货全涤梭织提花鱼鳞纹女装连衣裙短裤古装戏服舞台服饰面料
,21,20.00,0.0,全涤弹力色织提花朝阳格女装春夏衬衫连衣裙吊带衫梭织诸暨织布厂
,,61.50,0.0,大码女装2020秋冬新款韩版短款马甲女胖妹妹宽松显瘦百搭棉服外套
,,4.00,0.0,新款电脑布贴绣水果色布贴亮片绣花朵贴布女装T恤群子牛仔百搭
,,650.00,1.0,女装6402399850410088
,,8.00,0.0,2021早春新品30支人棉平纹碎花印花 女装童装衬衫连衣裙碎花布料
,40530,968.00,1.0,女装640663888266
,,98.42,0.0,大码女装2021开春新款欧洲站胖妹妹遮肉休闲牛仔外套假两件套装女
,,14.50,0.0,厂家现货 全涤色织格子布JK制服面料百褶裙格裙女装西装面料供应
,309,15.00,1.0,2020新款40*40全棉提花布纱罗布现货供应 女装童装连衣裙衬衫716#
,19,3.20,0.0,大号女装豹纹英文条贴布电脑绣花服装辅料字母珠片刺绣亮片布贴
,,399.00,1.0,女装638330107393
,,1.00,0.0,大小号抖音布贴女装童装服装珠片布贴亮片绣花补丁服装辅料
,,12.00,0.0,棉格皱 厚款泡泡皱格子棉布 女装套装连衣裙小香风时装棉麻布料
,748,14.80,0.0,涤纶120g夏季连衣裙小西装吊带裙休闲服裤装半身裙女装时尚面料
,,11.50,0.2,平纹素色格子粉色泡泡纱女装连衣裙古装汉服涤纶布料 雪纺面料
,,17.10,0.0,新款50D缎面纬弹再生雪纺女装裤子吊带衫连衣裙棉服面料再生雪纺
,7982,21.00,0.0,棉麻千鸟格色织布春夏秋款文艺复古男装女装童装连衣裙衬衫裤子
,,10.70,0.0,现货供应 全涤弹力邹格 春夏女装童装连衣裙 装饰格子布
,,12.60,0.0,珠帆布料全棉72*40面料棉布男装裤子女装热裤春夏新款全工艺童装
,48,19.00,0.0,批发现货春夏欧根纱 女装汉服饰品丝巾 轻薄透气 平纹雪纺涤纱
,,349.00,1.0,女装637364416781
,,339.00,1.0,女装638055438313
,,339.00,1.0,女装637722169130
,,339.00,1.0,女装637363940918
,,339.00,1.0,女装637364340926
,,329.00,1.0,女装637364376107
,,329.00,1.0,女装637364600749
,,469.00,1.0,女装637722193996
,,379.00,1.0,女装637722209168
,,319.00,1.0,女装637364428104
,,439.00,1.0,女装637722745261
,,299.00,1.0,女装637364344254
,,299.00,1.0,女装637364524023
,,299.00,1.0,女装637364368129
,,47.50,,厂家直供 天丝麻面料 素色植物数码印花 春夏衬衫连衣裙女装布料
,65,16.80,0.0,冬季新款 女装连衣裙磨毛棉麻面料 时装童装多色印花布料 可订制
,,15.00,0.0,50支9088全棉梭织印 男装女装童装连衣裙衬衫素描矢量彩色小花束
,70,16.00,0.0,2020秋冬全棉加厚斜纹印花厂家批发女装男装童装外套几何石头花
,,69.00,0.0,2020秋冬新款大码女装宽松连帽加绒外套女收腰过膝加厚风衣大衣女
,,2.49,0.0,新款潮女装T恤卫衣小熊热转印烫画贴柯式过粉胶印 恶魔印花贴1656
,,339.00,1.0,女装638387051043
,,329.00,1.0,女装638386863501
,,329.00,1.0,女装638331739579
,,329.00,1.0,女装638056362071
,,329.00,1.0,女装638387067071
,,299.00,1.0,女装638056190106
,,299.00,1.0,女装638055974655
,,299.00,1.0,女装638386547934
,,299.00,1.0,女装638055234734
,,299.00,1.0,女装637721861625
,,289.00,1.0,女装638056210206
,,339.00,1.0,女装638386591811
,,319.00,1.0,女装638056250022
,,399.00,1.0,女装637722617215
,3265,709.00,1.0,女装641866818049
,4128,738.00,1.0,女装641946372305
,3440,738.00,1.0,女装642327861459
,2636,709.00,1.0,女装642376175718
,2752,738.00,1.0,女装641095216918
,2388,846.00,1.0,女装640962825369
,2064,738.00,1.0,女装642311742665
,2058,736.00,1.0,女装641319280254
,2164,768.00,1.0,女装641899077127
,1476,788.00,1.0,女装642074887972
,2034,728.00,1.0,女装642674206670
,1336,718.00,1.0,女装641939121053
,1376,738.00,1.0,女装641738433769
,7108,728.00,1.0,女装640306967289
,1376,738.00,1.0,女装642720695178
,1326,758.00,1.0,女装642509903844
,1698,899.00,1.0,女装640938585773
,3528,638.00,1.0,女装641298178651
,2990,648.00,1.0,女装641055320266
,2064,688.00,1.0,女装641464371207
,,21.50,,现货时尚素色混纺面料 时尚韩版女装连衣裙面料 肌感透气外套面料
,22419,5.70,0.0,75D全光涤纶弹力针织里布 150g有光双面平板布 裙子里衬复合布料
,25,16.00,0.0,2021新品抗皱纯色秋冬面料 长丝时装斜纹 女装西装连衣裙高档布料
,5986,30.00,0.4,锦涤七彩蕾丝复合春秋针织高档服装旗袍外套蕾丝烫银面料现货供应
,81357,3.80,0.1909,色丁绸缎布料仿真丝面料古装汉服唐装旗袍礼盒里布 厂家现货批发
,2900,27.00,0.0,双面弹力坑条罗纹针织布料 秋冬童装打底裤阔腿裤面料 现货
,2744,30.00,0.3333,舜尧仿真丝 全涤螺纹绉和风布 日本和服绉面料
,1902,9.20,0.0,现货全棉府绸布 活性印花面料 厂家直供女装童装衬衫连衣裙平布
,6440,3.00,0.3564,尺码标定做 高密号码标织唛 服装英文尺码标对折数字童装号标现货
,45542,30.00,0.1739,W家130g兰精天丝针织布 奥地利薄透t恤女装凉感防晒汗布 天丝面料
,10834,11.60,0.2353,全棉纯棉圆点剪花布料 夏季女装童装 衬衫 裙子面料 森系田园布料
,5327,7.50,0.0,厂家直销网纱多色绣花演出服连衣裙面料童装女装面料飞鸟飘逸4627
,984,12.00,0.0,现货双色竹节面料 平纹仿麻竹节涤纶梭织布 女装连衣裙汉服面料
,1861,13.00,0.0,阳离子格子阔腿裤面料 春夏女装连衣裙JK制服面料 TR格子布
,20188,4.50,0.2168,高弹力针织 里布 里料 布料 内衬 里衬 雪纺裙子不透 面料
,1400,10.00,0.0,现货供应春夏新款现代风领带丝巾吊带衫休闲服布料 仿真丝斜纹缎
,75,15.00,0.0,西装布料双色弹力聚酯纤维人棉面料时尚小西装套装裤装裙装面料
,4124,15.50,0.0,50D*50D春夏黑底白色五角星绉印花涤纶围巾上衣女装布料 雪纺面料
,8015,11.50,0.0,批发女生校园jk制服格裙子面料21支涤棉绒布TR睡裤时装布艺料定制
,10529,15.00,0.2941,高优质尼龙欧根纱7576梭特密透明无光柔软婚纱汉服裙服装面料现货
express_fee,integer,price,rePurchaseRate,title
,,12.00,,夏季新款女装连衣裙杂款直播吸粉长裙外贸尾货走份大众款地摊出口
,,12.00,,夏季韩版外贸雪纺连衣裙杂款服装尾货地摊跑江湖夜市走份女装裙子
,492,90.00,0.0,吉弟华都丝绸114门幅16姆米真丝砂洗电力纺女装夏季凉爽透气夏装
,60,14.00,0.0,斜纹TR色织女装西装连衣裙a字短裙百褶裙箱包鞋帽小格子现货面料
,16521,0.35,0.1579,源头厂家 皮标定做 现货pu皮标 男女装 童装 牛仔裤鞋包 皮标皮牌
,140,20.00,0.0,2021春夏80支全棉超密府绸轻薄印花女装童装衬衫连衣裙时尚花型
,32,15.00,0.3333,厂家直销现货供应全棉纱罗布提花布童装衬衣女装2019春季新款530#
,261,2.80,0.0,时尚服装辅料中号雪纺天鹅布贴装饰衣服补丁绣花加工女装配饰绣花
,42,7.80,0.0,春夏小清新碎花 雪纺韩国丝平纹印花 女装童装汉服连衣裙上衣
,25,15.00,0.0,菠萝雪纺数码印花女装面料高档仿真丝连衣裙衬衫防晒服布现货批发
,200204,1.05,0.0,网纱条码花边 8.5cm lace fabric 女装网布花边 袖口领口花边辅料
,170,13.80,0.0,全棉印花法兰绒 秋冬女装连衣裙娃娃衫绒布 全棉拉绒布现货批发
,1079,6.00,0.0,绍兴工厂直销现货蕾丝全锦纶无弹高端时尚女装连衣裙蕾丝面料花边
,18,0.95,0.0,厂家直销 6.5CM六叶花棉布蕾丝花边 女装童装水溶花边
,,15.00,1.0,法式桔梗小碎花型日韩网红女装连衣裙雪纺面料服饰时装印花底布料
,4,2.80,0.0,隆盛卡通毛巾绣绣花兔子童装女装服装diy刺绣时尚装饰布贴勾毛绣
,411,40.00,0.0,新款色织大提花面料高端大牌金银丝连衣裙时尚清新女装进口布批发
,88,7.50,0.0,厂家直销时尚女裤四面弹烫金蛇纹面料涤纶弹力面料欧美女装面料
,4029,10.20,0.0,现货 200g全涤阳光珠雪纺面料 阳光麻春夏汉服连衣裙女装布料
,1219,35.00,0.3636,40S精棉1x1罗纹 220g长绒棉奥代尔弹力罗纹布 女装打底衫T恤面料
,,0.10,,服装印花 女装印花 丝网印花 T恤印花 印花工厂
,,9.80,0.0,跨境梭织平纹棉布90*88 60S支棉质女装布料 全工艺棉巴厘纱玻璃纱
,133,13.50,0.0,新款全棉双层条子纹大提花面料 秋冬复古连衣裙汉服女装布料批发
,44,9.90,0.0,现货春秋时尚涤纶雪纺（厚佳丽麻）高档女装职业装女童裤子时装料
,70,35.00,0.0,170克卫衣小乱花人棉涤毛圈提花布针织时装面料童女装T恤外套布料
,17,17.00,0.0,夏秋高密细斜磨毛砂洗棉 纯棉洗水棉 女装衬衫连衣裙吊带衫裤裙
,1705,15.00,0.0,厂家现货 涤棉欧根纱色织格子布 春夏新款连衣裙吊带衫女装面料
,,9.80,0.0,秋冬色织提花上衣女装裙子大风车千鸟格围巾面料 人棉黏胶涤混纺
,383,27.00,0.5,灯芯绒厂家 11坑无弹外销活性环保灯芯绒秋冬女装外套裤装 可定色
,,6.90,0.0,天丝子母竹节条 S455 新款女装上衣 吊带衫 裤装面料批发
,4750,10.00,0.0,现货供应100D*100D女装汉服上衣连衣裙内衣婚庆梭织布料 雪纺面料
,1697,11.50,0.0,弹力斜纹涤纶雪纺梭织面料 现货 连衣裙小清新女装吊带衫布料
,109,22.50,1.0,A0611#春夏新款时尚女装面料 天丝斜纹花条衬衫裙子时装面料批发
,,14.50,0.0,网红新款018/HB25-1 缎面雪纺 数码印花本白半成品化纤系列 女装
,,20.00,1.0,秋冬时尚女装豹纹斑马纹灯芯绒布批发零售 21W锦涤灯芯绒厂家现货
,277,9.00,0.0,全锦纶尼龙睫毛蕾丝面料虾粉白色现货平板花边无弹皇冠女装童装
,107,10.00,0.0,提花隐条大格子女装休闲衬衫连衣裙淘现货梭织经典百褶裙先染布
,40,14.00,0.5,[爆款促销]垂感仿真丝色丁龟纹梭织提花 吊带衫女装西服睡衣布料
,,6.50,0.0,女装连衣裙现货亮片网纱刺绣面料 厂家春夏女童蕾丝珠片绣布料
,,53.50,0.0,大码女装短款外套女2020秋季新款胖妹妹遮肚显瘦工装夹克上衣女潮
,16,1.00,0.0,色卡提供，下单备注：  春夏/秋冬+风格（棉麻/时装/男装/女装）
,4623,28.00,0.1818,1057#日式印花棉麻布女装服装包包布料 烫金青海波
,,18.00,0.0,库存现货全涤梭织提花鱼鳞纹女装连衣裙短裤古装戏服舞台服饰面料
,,11.50,0.2,平纹素色格子粉色泡泡纱女装连衣裙古装汉服涤纶布料 雪纺面料
,,17.10,0.0,新款50D缎面纬弹再生雪纺女装裤子吊带衫连衣裙棉服面料再生雪纺
,7982,21.00,0.0,棉麻千鸟格色织布春夏秋款文艺复古男装女装童装连衣裙衬衫裤子
,,61.50,0.0,大码女装2020秋冬新款韩版短款马甲女胖妹妹宽松显瘦百搭棉服外套
,1854,668.00,1.0,女装640575885344
,,4.00,0.0,新款电脑布贴绣水果色布贴亮片绣花朵贴布女装T恤群子牛仔百搭
,,650.00,1.0,女装6402399850410088
,,8.00,0.0,2021早春新品30支人棉平纹碎花印花 女装童装衬衫连衣裙碎花布料
,,98.42,0.0,大码女装2021开春新款欧洲站胖妹妹遮肉休闲牛仔外套假两件套装女
,,399.00,1.0,女装638330107393
,309,15.00,1.0,2020新款40*40全棉提花布纱罗布现货供应 女装童装连衣裙衬衫716#
,19,3.20,0.0,大号女装豹纹英文条贴布电脑绣花服装辅料字母珠片刺绣亮片布贴
,26,1.80,0.0,英文珠片布贴女装罩衣大人外套刺绣绣花章毛衣服装饰贴大号装
,,1.00,0.0,大小号抖音布贴女装童装服装珠片布贴亮片绣花补丁服装辅料
,748,14.80,0.0,涤纶120g夏季连衣裙小西装吊带裙休闲服裤装半身裙女装时尚面料
,48,10.00,0.0,厂家直销染色全棉平布春夏清新女装衬衫连衣裙里布内衬面料9088
,,20.00,0.0,童装女装连衣裙衬衫全棉竖条提花双绉布春秋款厂家直销665#
,,10.70,0.0,现货供应 全涤弹力邹格 春夏女装童装连衣裙 装饰格子布
,,12.60,0.0,珠帆布料全棉72*40面料棉布男装裤子女装热裤春夏新款全工艺童装
,48,19.00,0.0,批发现货春夏欧根纱 女装汉服饰品丝巾 轻薄透气 平纹雪纺涤纱
,124,41.00,0.0,厂家直供2021夏季热销爆款女装面料全棉大机刺绣纯色绣花镂空打孔
,7908,12.80,0.1667,棉绸 蓝白条纹素描勾线花朵印花 2021新款连衣裙布母女亲子装现货
,145,13.00,0.5,高弹缎面雪纺女装连衣裙弹力仿真丝睡衣睡袍家居服面料
,,339.00,1.0,女装637722169130
,,339.00,1.0,女装637363940918
,,339.00,1.0,女装637364340926
,,329.00,1.0,女装637364376107
,,329.00,1.0,女装637364600749
,,469.00,1.0,女装637722193996
,,379.00,1.0,女装637722209168
,,319.00,1.0,女装637364428104
,,439.00,1.0,女装637722745261
,,299.00,1.0,女装637364344254
,,299.00,1.0,女装637364524023
,,299.00,1.0,女装637364368129
,,299.00,1.0,女装637365008221
,,419.00,1.0,女装638056382036
,,329.00,1.0,女装638387067071
,,299.00,1.0,女装638056190106
,,299.00,1.0,女装638055974655
,,299.00,1.0,女装638386547934
,,299.00,1.0,女装638055234734
,,299.00,1.0,女装637721861625
,,289.00,1.0,女装638056210206
,,339.00,1.0,女装638386591811
,,319.00,1.0,女装638056250022
,,399.00,1.0,女装637722617215
,,349.00,1.0,女装637722365979
,,249.00,1.0,女装637364992208
,,259.00,1.0,女装638055522192
,,219.00,1.0,女装637364284320
,,269.00,1.0,女装638387047243
,,239.00,1.0,女装637722657545
,,239.00,1.0,女装638386895401
,,239.00,1.0,女装637722489752
,,229.00,1.0,女装637667765244
,,12.50,0.0,2021新款全棉提花条纹间隔1.8cm梭织棉布 童装女装衬衫吊带裙时装
,2752,738.00,1.0,女装641095216918
,2388,846.00,1.0,女装640962825369
,2064,738.00,1.0,女装642311742665
,2058,736.00,1.0,女装641319280254
,2164,768.00,1.0,女装641899077127
,1476,788.00,1.0,女装642074887972
,1336,718.00,1.0,女装641939121053
,1376,738.00,1.0,女装641738433769
,686,736.00,0.0,女装641714096031
,7108,728.00,1.0,女装640306967289
,1376,738.00,1.0,女装642720695178
,1326,758.00,1.0,女装642509903844
,1698,899.00,1.0,女装640938585773
,3528,638.00,1.0,女装641298178651
,2990,648.00,1.0,女装641055320266
,2064,688.00,1.0,女装641464371207
,1438,769.00,1.0,女装641470909272
,1436,768.00,1.0,女装641302129874
,1416,758.00,1.0,女装641901407047
,1376,738.00,1.0,女装641912302580
,1902,9.20,0.0,现货全棉府绸布 活性印花面料 厂家直供女装童装衬衫连衣裙平布
,6440,3.00,0.3564,尺码标定做 高密号码标织唛 服装英文尺码标对折数字童装号标现货
,45542,30.00,0.1739,W家130g兰精天丝针织布 奥地利薄透t恤女装凉感防晒汗布 天丝面料
,10834,11.60,0.2353,全棉纯棉圆点剪花布料 夏季女装童装 衬衫 裙子面料 森系田园布料
,5327,7.50,0.0,厂家直销网纱多色绣花演出服连衣裙面料童装女装面料飞鸟飘逸4627
,984,12.00,0.0,现货双色竹节面料 平纹仿麻竹节涤纶梭织布 女装连衣裙汉服面料
,1861,13.00,0.0,阳离子格子阔腿裤面料 春夏女装连衣裙JK制服面料 TR格子布
,20188,4.50,0.2168,高弹力针织 里布 里料 布料 内衬 里衬 雪纺裙子不透 面料
,1400,10.00,0.0,现货供应春夏新款现代风领带丝巾吊带衫休闲服布料 仿真丝斜纹缎
,75,15.00,0.0,西装布料双色弹力聚酯纤维人棉面料时尚小西装套装裤装裙装面料
,4124,15.50,0.0,50D*50D春夏黑底白色五角星绉印花涤纶围巾上衣女装布料 雪纺面料
,8015,11.50,0.0,批发女生校园jk制服格裙子面料21支涤棉绒布TR睡裤时装布艺料定制
,10529,15.00,0.2941,高优质尼龙欧根纱7576梭特密透明无光柔软婚纱汉服裙服装面料现货
,17578,3.00,0.2834,厂家织唛尺码标现货 高密对折字母数字号标定做 服装英文码唛辅料
,1966,14.80,0.0,250D长丝1/3斜纹梭织四面弹 黑色藏青时尚女套装西装裤面料
,11009,11.80,0.2353,【原创】jk布料格子面料涤纶百褶裙外套西装裤子新款半身裙a字裙
,1625,43.00,0.0,人棉螺纹针织面料 春夏罗纹条纹紧身连衣裙面料 弹力爽棉针织面料
,8,10.88,0.3333,顺滑暗纹仿真丝提花缎面万字回纹花布料汉服旗袍禅服古风面料厂家
,950,14.50,0.0,230gTR弹力大格子面料 时装套装JK连衣裙格子面料 厂家现货多色
,4284,10.20,0.0,现货色织格子布料梭织提花衬衫格子布全人棉连衣裙面料厂家直供
,232,35.00,0.0,现货工厂直销高档色织提花服装面料凹凸立体花朵旗袍布料
,143,11.00,0.0,韩国缎纹天丝绒 秋冬毛感抓绒涤纶面料薄外套休闲上衣女裤布料
,41,15.50,0.0,现货加厚亮丝缎面 仿真丝服装面料 春夏女装婚纱礼服连衣裙面料
,85,5.60,0.0,厂家直销 空变竹节变色龙色丁 晚礼服 礼盒饰品包装 连衣裙面料
,59,15.00,0.0,现货 冰丝皱波点印花面料 1.2公分常规圆点 女装衬衣连衣裙面料
,20086,11.00,0.0,水晶丝亮丝面料 缎面阳离子欧根纱面料 时尚女装连衣裙旗袍面料
,188,21.00,0.0,春夏女裙小杏叶双色提花时装面料YX8110淡绿蓝色提花布颜色可定做
,1802,0.05,0.0,厂地货源白色珍珠纽扣 旗袍古装扣金属脚珍珠扣现货 婚纱装饰扣子
,298,19.90,0.0,现货小碎花田园风全棉印花高密府绸印花布料儿童衬衣连衣裙面料
,100,5.00,0.0,厂家素色透气轻薄75D雪纺女装时装连衣裙等服装面料现货批发
,4276,2.80,0.3,玛瑙纽扣 旗袍 中国风 禅茶服 玉石纽扣 宝石纽扣 扣子
,2032,10.80,0.2353,立体刺绣烫钻亮片钉珠蕾丝花片手工diy贴花服装补丁装饰花边辅料
,18572,4.20,0.0,100D平纹四面弹 衬衫连衣裙休闲服布料 涤纶四面弹面料现货批发
,80,40.00,0.0,32S女装卫衣面料  针织双面布 太空棉健康布口罩棉校服面料
,1059116,0.10,0.2083,吊牌定做服装店标签定制衣服商标logo订做男女装童装挂牌卡片设计
,1533,7.50,1.0,超薄欧根纱汉服面料10D如意纱	女装时装布料印花底布面料 现货
,48829,9.50,0.1667,厂家定制全棉府绸印花面料 植物印花布 纯棉春夏季童装连衣裙面料
,24922,18.80,0.0625,男女夏季沙滩印花连衣裙衬衫面料民族风服饰箱包棉质印花布料批发
,27,6.90,0.0,现货批发雪纺碎花涤纶布料 连衣裙印花布料 女装印花布料服装面料
,662,6.50,0.0,厂家婚纱面纱颜色大目网菱形网布礼服礼帽网纱批发网布面料定制
,30,23.00,0.0,纳瓦霍图腾 提花民族风毛呢面料 拼接皮衣披肩箱包几何时装
,18,3.80,0.0,厂家供应210T女装婚纱礼服亚光涤纶弹力色丁布批发  斜纹贡缎布料
,18,18.00,0.0,春夏新款高支全棉印花面料 田园小清新女装衬衫裙子面料 童装面料
,169,9.00,0.1667,新款弹力变色龙面料 时尚连衣裙婚礼礼服演出舞台服装色丁面料
,66,18.00,0.0,法兰绒 全棉磨毛色织格子布 秋冬衬衫布 半身裙睡衣 童装裤装面料
,13,5.50,0.0,弹力色丁面料 时尚连衣裙晚礼服面料现货批发 80g全涤75D色丁布
,63,15.00,0.0,全棉提花条纹洗水棉布 春夏衬衣裙子童装女装裤子面料 纱罗日韩风
,30,18.00,0.0,32支全棉扎花牛仔面料无弹扎染水洗纯棉箱包裤子裙子布料厂家直销
,1207,6.50,0.0,现货供应50D四面弹平纹涤纶 棉服运动服 连衣裙衬衫时装面料
,44,11.80,0.0,【厂家直销】涤纶无弹小清新好品质竖条花纹蕾丝 裙装等面料 现货
,1200,10.00,0.0,条纹欧根纱 斑马线 婚纱春夏女装童装裙子面料纱料
,260,16.00,0.0,全棉色织新羽皱提花条纹童装连衣裙柔软透气爆款纯棉衬衫布面料
,8978,25.00,0.125,天丝苎麻 数码印花面料 苎麻 春夏连衣裙衬衫裤装面料 可定制花型
,40,9.50,0.0,全棉烧花烂花印花面料 白底印花 春夏儿童装连衣裙棉服睡衣面料
,1922,8.50,0.0,珍珠雪纺面料现货供应 雪纺平纹染色印花女装连衣裙用布雪纺面料
,15778,5.30,0.1786,冰花阳离子纱 闪光绉布料 水波纹欧根纱银丝皱汉服大袖衫襦裙面料
,21,1.59,0.0,情侣装衣服胶印装饰辅料杀手不太冷A级过粉热转印PET烫画布贴0075
,4108,10.50,0.4444,色丁缎面人字斜 巴黎斜 汉服礼服面料 梭织暗纹提花 旗袍面料现货
,8639,5.50,0.0,50D柔软四面弹 连衣裙晚礼服汉服古装内里面料 时装里布
,37260,0.10,0.4,吊牌定做女装童装衣服商标挂牌吊牌吊卡标签箱包卡牌服装辅料定制
,11,6.50,0.0,彩条纹色织布 春夏平纹衬衫连衣裙面料 女装西装外套休闲服布料
,6678,16.00,0.0,人字纹包金印花面料  中老年连衣裙开衫面料 数码印花布料 碎花布
,4100,25.00,0.0,2020新款派克服面料 秋冬全涤缎面女装童装素色尼龙派克服布料
,115,12.50,0.0,【新品】全棉色织条纹布 衬衫裤子裙子服装面料 彩色条子棉布现货
,2144,5.70,0.0,现货素色亚光色丁布 弹力哑光缎面婚纱缎 贡缎礼服里布色丁面料
,3526,27.99,0.0,3D立体亮片刺绣花边  现货服装辅料 连衣裙水溶蕾丝花边网纱面料
,6187,9.60,0.3333,梭织全棉布 巴厘纱平纹棉布仿天丝棉 素色透气舒适棉女装布料
,31173,29.00,0.0714,现货天丝罗马 60支人棉锦纶混纺弹力针织布春夏t恤连衣裙裤装面料
,11987,16.00,0.0,布料 棉麻现货 春夏亚麻布弹力竹节面料 汉服童装连衣裙梭织面料
,4088,16.50,0.1667,工厂现货 双色TR细斜面料 裤装上衣连衣裙休闲服时装布料
,96,20.00,0.3333,2021早春新款 100D四面弹涤纶化纤 不透衣裙面料平纹缎弹力布料
,3355,16.82,0.0,厂家供应麦穗条雪纺面料小蜂巢雪纺 弹力女装裤子面料连衣裙面料
,1500,14.00,0.0,新款现代斜纹记忆涤纶布料时尚连衣裙服装外套纯色面料定制厂家
,4566,7.00,0.0,涤塔夫绸布面料底包装材料 首饰包装酒袋手机套箱包袋工厂植绒布
,4366,15.00,0.0,彩色格子布 学院风春夏JK制服百褶格裙布料 色织格斜纹印花面料
,1900,16.00,1.0,厂家直供欧根纱面料半透纱时装布料连衣裙童装窗帘饰品丝带面料
,51,8.50,0.0,30支人棉单面斜 人造棉睡衣面料 棉绸女装汉服连衣裙梭织布料
,1849,16.00,0.0,星河银条雪纺烫金烫银 衬衫连衣裙面料 雪纺皱时装汉服DIY面料
,200,43.50,0.0,32s麻棉双面精梳棉布料  精梳全棉针织面料 T恤女装休闲时装面料
,7498,25.00,0.0952,2*2小碎花彩棉罗纹针织面料 165g棉氨纶弹力布印花螺纹打底衫布料
,2858,17.90,0.1273,白色纯棉圆领短袖t恤女2021夏季新款纯色无缝宽松女装一件代发
,471,45.00,1.0,2020新款亚马逊wish欧美斜肩连衣裙女装不规则绑带连衣裙送腰带
,478,31.00,0.0,NK239 欧美外贸跨境亚马逊独立站女装 印花紧身露背性感连体裤
,47,22.00,1.0,秋装新款女装蝙蝠袖宽松长袖t恤女款潮大码中长款长袖打底衫
,1081,70.00,0.0,夏季新款女装修身显瘦短款打底衫上衣宽松拖地长裤两件套装女
,43,9.50,0.0,新款2021夏季跨境爆款宽松扎染印花短袖宽松T恤女装外贸
,544,15.90,0.6154,wish速卖通热卖跨境女装 亚马逊外贸欧美口袋考拉纯棉短袖T恤现货
,428,36.60,0.0,外贸跨境2021春夏新款女装 短袖印花V领系带中长款大摆连衣裙女
,24,26.50,0.0,Thou Shall Not Trp Me 2021亚马逊ebay跨境女装秋季上衣圆领卫衣
,757,25.00,0.4,实拍宽松短袖t恤女装中长款2021夏装印花撞色胖mm半袖上衣潮
,104,6.00,1.0,【大量现货】亚马逊wish爆款热销女装长袖上衣动物印花宽松V领T恤
,1224,18.00,0.3333,2020亚马逊新款  欧美女装新款条纹V领短袖T恤夏季女装 一件铺货
,5309,29.00,0.0,跨境欧美女装2021夏季亚马逊新款纯色拼接时尚圆领短袖休闲套装女
,1779,25.00,0.5385,2020亚马逊爆款秋冬新品欧美印花休闲宽松套头长袖女装上衣卫衣女
,1664,34.00,0.0,跨境外贸欧洲站秋新纤細包臀铅笔修身牛仔裤女装ebay原单
,106,105.00,0.0,59976  2021春夏新款女装羊头破洞 九分牛仔裤
,1822,105.00,0.4545,法单2020春夏新品不规则拼接印花甜美假两件绑袖女装连衣裙
,74785,7.90,0.1181,森系潮流女装2021夏季新款白色学生上衣宽松韩国ins短袖T恤女批发
,582,62.00,0.3333,春夏中国风禅意女装棉麻茶服禅修服禅舞服装复古汉服连衣裙两件套
,73,14.00,0.2857,现货！亚马逊爆款秋冬女士V领长袖T恤 欧美宽松女装不规则上衣
,760,8.80,0.0,弹力锦氨锦纶蕾丝面料 柔软包芯纱蕾丝布料 打底衫连衣裙装饰布
,736,25.00,0.4,2*2人棉罗纹随心裁坑条针织面料 春夏T恤背心打底衫家居服布料
,155,55.00,0.0,真丝多色绣花面料 女装连衣裙婚纱礼服用布
,73,14.00,1.0,格子四面弹  竖条四面弹 50D 75D 100D 150D四面弹弹力面料
,181,13.80,0.0,大马士革涤纶暗纹提花布 秋冬连衣裙旗袍马面裙汉服面料香囊抱枕
,120,30.00,0.0,现货爱心点欧根纱植绒面料 童装 礼服 婚庆装饰婚纱窗帘家纺面料
,253,4.80,0.0,女装沙滩裤印花 涤纶平纹桃皮绒花布布料 全涤碎花花朵印花面料
,683,29.50,0.0909,绉布 826A 日式和风布艺锦缎绉布 和服面料
,6,12.50,0.0,人造棉布料棉绸布料印花绵绸面料连衣裙衬衫睡衣服装印花面料夏季
,1162,15.00,0.2,复古民族风花朵箱包沙发服装裙子面料 牡丹花小雏菊提花布现货
,2021,7.00,0.5,sph消光破卡平纹缎梭织面料涤纶弹力不透布料 连衣裙裤子套装布料
,118,14.90,0.0,全棉提花染色布公主裙女装砂洗提花面料小格子细条竖条水洗提花布
,871,12.00,1.0,现货供应100D乱麻 乱麻四面弹 素色弹力雪纺裙裤衫服装面料
,461,1.60,0.5,190T涤塔夫布料 低价现货 羽绒服棉服连衣裙休闲服睡衣内衣面料
,55,8.40,0.0,现货直销10D欧根纱绉纱亮丝汉服面料 仿真丝香云皱襦裙袖衫面料
,75,25.00,0.0,厂家现供280g弹力细罗纹针织布 打底衫坑条布料 螺纹T桖长裙面料
,1740,55.80,0.0,全棉罗纹1x1精棉罗文高弹布料弹力背心T恤连衣裙打底裤服装面料
,459,9.59,0.0,织锦缎 新年装 旗袍 童装 鞋材箱包 提花 纺织服装面料
,18,2.40,0.0,厂家现货多色柯根纱欧根纱化纤面料加密涤纶珠宝裙子舞台服装面料
,48,20.00,0.0,2021新款女装时装连衣裙印花面料现货批发
,67,32.00,0.0,重工蕾丝涂银光泽感立体微透薄型蕾丝网布时装面料高订裙子布料
,295,35.00,0.0,满幅多花型亮片绣 刺绣面料 晚礼服婚纱舞台服亮片面料 现货供应
,130,14.30,0.0,10盎司弹力牛仔布 10+10斜纹丝光黑牛仔面料 涤棉女装牛仔装面料
,58,11.50,0.0,16坑弹力灯芯绒 锦涤 环保工艺灯芯绒面料 男女装 童装裤子外套
,125,8.00,0.0,色织涤棉格子布 童装女装衬衫鞋子箱包装饰面料
,22,24.00,0.0,2021新款秋冬千鸟格 粗纺毛呢 女装童装大衣面料【厂家现货】
,729,0.24,0.0,服装店吊牌设计女装PVC软胶 吊牌定做 LOGO塑料标签印刷衣服挂牌
,2363,13.00,0.0,数码印花面料 暗格小碎花布料 2021春夏碎花泡泡时装连衣裙雪纺料
,110,32.80,0.0,免费寄样 梭织斜纹四面弹面料  棉粘四面弹时尚女装休闲服面料
,116,10.00,0.0,2021新款夏季竹节棉梭织面料 现货供应 女装吊带衫涤棉布料
,75,23.50,0.0,178g麻棉斜纹面料 春夏宝宝连衣裙时装衬衫面料 纯色染色梭织布料
,67,15.00,0.125,日式和风烫金布（樱花蝴蝶）全棉和风印花布料 汉服旗袍箱包面料
,24,5.20,0.0,30支全涤锦丝皱 40g化纤布料 春夏裙装阔腿裤面料中大现货
,145,9.00,0.0,人棉平纹夏季印花棉绸布 经典家居服女装童装纺织化纤面料
,58,14.00,0.0,12*12无弹牛仔薄面料 男女童装面料 女装短裤面料  洗水牛仔面料
,88,26.40,0.0,高档秋冬天鹅绒布料韩国绒不倒绒金丝绒面料服装布料连衣裙衬衣
,5995,18.00,0.3333,现货加厚闪光锦棉 金属感 礼服旗袍裙装面料 舞台表演服汉服布料
,86,14.00,0.0,现货 仿麻竹节弹力棉布 纯棉180g平纹仿麻竹节弹力休闲裤裙装面料
,100,17.30,0.0,斜纹竹节棉布 复古工装吊带裤外套面料 斜纹水洗棉梭织无弹面料
,64,16.00,0.0,新款直供仿斜纹铜氨铵丝人丝富丽皱 时尚女装休闲衬衫裙裤面料
express_fee,integer,price,rePurchaseRate,title
,3000,6.00,0.0,春夏现货直供20色123g梭织TR涤粘布 休闲女装面料 小衫连衣裙布料
,24211,31.58,0.2857,2*2双面螺纹布 40s时尚女装泡泡罗纹 260g人棉弹力打底衫螺纹面料
,417,1.00,0.0179,金属汉服子母扣明制服古风钻扣复古祥云梅花云肩对扣古装女装纽扣
,5674,10.00,0.0,工厂直供外贸定制45/60s人棉印花布 数码印花连衣裙女装面料绵绸
,18931,7.00,0.0,现货供应绉雪纺春夏女装连衣裙汉服手感柔软垂感十足可染色印花
,,11.00,,跨境供应雪纺无版费花 型多变女装裙子T恤灵活小批量
,,38.00,,套装裙女2021新款夏装洋气刺绣t恤牛仔拼接网纱半身裙两件套a字裙
,1456,1.30,0.2,金线花边水溶刺绣lace女装配饰婚纱辅料单边条码宽2cm金色花边
,14075,8.00,0.625,水溶纯棉线网布刺绣领花 成品衬衫蕾丝绣花衣领 女装假领厂家直销
,34258,5.20,0.0,现货涤纶仿真丝珍珠雪纺连衣裙衬衫休闲服雪纺珠女装面料
,61877,33.00,0.125,新宏鑫金丝绒 秋冬女装旗袍连衣裙丝绒 310g涤氨弹力加厚丝绒面料
,134,10.80,0.25,供应纯棉巴宝丽格子 女装百褶裙色织格子布 校服裙时尚半身裙面料
,705,36.00,0.0,春夏天丝锦纶提花 花朵暗纹 连衣裙汉服布料 高档女装 丝麻提花
,169,3.50,0.2,隆盛小熊卡通七彩熊珠片绣女装服饰搭配布贴刺绣辅料
,84,18.00,0.0,现货有光亮丝皱水波纹垂感 高档女装时装衬衫汉服布面料批发
,77,10.00,0.25,时尚棉布花边镂空打孔刺绣米白色棉布女装领花水溶花边刺绣
,3438,20.00,0.0,春秋新款女装套装高弹力罗纹面料T/R涡流纺4*4罗纹针织面料批发
,41,9.00,0.0,厂家直销2021蕾丝面料镂空布料时尚爆款花边刺绣夏季长裙女装面料
,149611,7.50,0.2903,仿棉麻水洗棉布 绉布 童装男女装棉布料唐装禅服用布拍照背景
,89,32.00,0.0,2020春夏新款  大花朵金银丝提花布 数码印花加工 童装女装连衣裙
,3000,6.00,0.0,春夏现货直供20色123g梭织TR涤粘布 休闲女装面料 小衫连衣裙布料
,10,1.80,0.0,甜美大号花边珠片绣亮片布贴章字母卡通小女孩卫衣女装装饰补丁
,,25.50,0.0,现货 3*2纯涤坑条罗纹布 32支涤纶弹力坑条 春夏女装连衣裙布料
,90,20.60,0.0,短袖T恤女装新款春夏百搭白色字母印花韩版宽松网红上衣ins潮
,297,29.00,0.0,8052#天丝麻 裂纹提花  时装女装连衣裙 衬衫汉服 柔软亲肤布料
,23,25.00,0.0,40支精棉罗纹拉架 弹力食毛罗纹布 秋冬时尚潮流女装打底衫面料
,72,18.00,0.0,库存现货全涤梭织提花鱼鳞纹女装连衣裙短裤古装戏服舞台服饰面料
,758,30.00,0.0,麻花蛇仔粗针面料 秋冬女装麦穗毛衣开衫热卖长裙舞台T恤抱枕布料
,,9.80,0.0,秋冬色织提花上衣女装裙子大风车千鸟格围巾面料 人棉黏胶涤混纺
,,3.80,0.0,创豪绣品 水溶刺绣领花 服装辅料 女装衣服配饰 民族风
,9350,1.00,0.0,多色金属镶钻珍珠组合扣子女装衬衫毛衣锌合金花形高脚小香风纽扣
,,15.00,0.0,3色泡泡条子 现货供应 可做 衬衫 女装 童装 裙子等装饰品
,,6.00,0.0,绍兴工厂直销现货蕾丝全锦纶无弹高端时尚女装连衣裙蕾丝面料花边
,,30.00,0.0,秋冬TR螺纹坑条手感柔软短裙裤子女装打底衫家居服针织面料
,,26.00,0.0,2021展会时尚模特提花女装连衣裙衬衫服装面料 提花布料
,,1.90,0.0,新款英文字母珠片绣反光亮片DIY缝制女装搭配牛仔T恤包包装饰布贴
,,0.56,0.0,无纺布格子 服装店男装女装童装购物袋手大量现货
,,12.50,0.0,草莓少女格子裤 韩版半身裙 西装套装 TR弹力色织大格子布 现货
,176,0.41,1.0,服装拉链袋衣服包装袋透明拉链袋磨砂夹链袋通用印刷女装男装童装
,,4.00,0.0,中老年秋季外套女装 刺绣补贴 水溶绣花 民族花边 服装辅料 花朵
,3000,6.00,0.0,春夏现货直供20色123g梭织TR涤粘布 休闲女装面料 小衫连衣裙布料
,4340,918.00,1.0,女装643443087317
,21417,699.00,1.0,女装642985132967
,19992,708.00,1.0,女装644193190631
,,15.00,0.3333,厂家直销 爆款蕾丝花边 锦棉女装蕾丝 无弹时尚连衣裙 产地货源
,2,10.65,0.0,服装店袋子塑料礼品包装礼品袋女装手提袋装衣服购物男装定制
,,11.43,0.5,袋子手提袋装衣服服装店定制印logo加厚磨砂装衣服塑料购物女装童
,,11.54,0.0,袋子手提袋装衣服服装店定制印logo加厚磨砂装衣服塑料购物女装童
,,6.50,0.5,加密美国网纱烫金 女装纱裙镂空网布 七彩幻彩星星纱 汉服面料
,23,29.75,0.0,防尘服立领分体连体静电衣服无尘喷漆洁净防护工作男女装工业粉尘
,3316,879.00,1.0,女装640659940404
,16878,688.00,1.0,女装643390860142
,20588,678.00,1.0,女装643765482932
,16272,728.00,1.0,女装644182558112
,14416,718.00,1.0,女装644132702531
,15722,663.00,1.0,女装643202492750
,13760,738.00,1.0,女装643581525117
,14028,718.00,1.0,女装644081723585
,11543,729.00,1.0,女装643373565009
,18164,748.00,1.0,女装643277122131
,3000,6.00,0.0,春夏现货直供20色123g梭织TR涤粘布 休闲女装面料 小衫连衣裙布料
,5243,799.00,1.0,女装643449685594
,6246,688.00,1.0,女装643375872903
,4998,688.00,1.0,女装644666395872
,5752,769.00,1.0,女装642233513008
,,11.54,0.0,袋子手提袋装衣服服装店定制印logo加厚磨砂装衣服塑料购物女装童
,23,29.75,0.0,防尘服立领分体连体静电衣服无尘喷漆洁净防护工作男女装工业粉尘
,,28.34,0.0,可爱女装摩托车手套冬天滑雪防水防寒保暖加绒加厚棉骑行男学生用
,,7.53,0.0,定制定做服装店童装购物袋塑料手提袋女装包装化妆品logo袋子
,,11.22,0.0,√胶袋饰品袋定制袋购物袋礼品袋塑料服装袋批发女装男装童装加厚
,,18.75,0.0,女装2021新款纯色薄款微透圆领T恤女短袖夏装
,4683,719.00,1.0,女装643135364263
,4068,728.00,1.0,女装644801002247
,5744,768.00,1.0,女装643300367789
,3390,728.00,1.0,女装645164099323
,4008,718.00,1.0,女装644602877136
,3340,718.00,1.0,女装644599665608
,3048,558.00,1.0,女装643673007345
,3240,698.00,1.0,女装642818433897
,2552,688.00,1.0,女装644349413981
,3000,6.00,0.0,春夏现货直供20色123g梭织TR涤粘布 休闲女装面料 小衫连衣裙布料
,,30.00,0.0,大码女装胖mm牛仔马甲外套女宽松韩版无袖马夹2020新款坎肩褂子
,,15.00,0.0,梭织缎面提花暗纹新品春夏女装连衣裙衬衫套装睡衣吊带衫汉服面料
,,2.10,0.0,新潮亮片刺绣大号花朵小号珠片绣花女装卫衣装饰修补丁贴服装辅料
,196,3.20,0.3333,隆盛刺绣 恐龙青蛙卡通双面珠片绣 亮片可翻转 童装女装贴布绣花
,173,16.30,0.0,新品立体涤纶泡泡大小圆圈 女装套装连衣裙短裙舞台服饰面料批发
,7,1.89,0.0,盆栽花朵仙人掌女装印花热转印过粉耐水洗胶印衣服贴柯式烫画2297
,8,0.90,0.0,女装T恤水果草莓柠檬衣服热转印胶印烫画熨烫贴花烫印印贴花0843
,9,1.27,0.0,女装小清新女孩T恤印花衣服装饰贴热转印柯式过粉烫画贴图案1345
,2,2.09,0.0,女装小清新女孩T恤印花衣服装饰贴热转印柯式过粉烫画贴图案2684
,1,1.59,0.0,夏季女装T恤清凉饮料衣服热转印胶印烫画熨烫贴花烫印印贴花2554
,2,1.89,0.0,七彩笑脸女装T恤印花衣服装饰贴热转印柯式过粉烫画图案烫贴2372
,5,2.89,0.0,欧盟潮牌草莓熊明星同款芬达联名烫画可爱卡通胶印男女装柯式1277
,2,1.89,0.0,夏季女装T恤清凉饮料衣服热转印胶印烫画熨烫贴花烫印印贴花2364
,,1.81,0.0,韩国时尚女装数字树情侣热转印柯式烫画图案DIY衣服贴烫贴花0497
,25,1.27,0.0,夏季女装T恤清凉饮料衣服热转印胶印烫画熨烫贴花烫印印贴花1294
,13,1.32,0.5,美少女战士女装热转印花图案潮流烫画高温熨斗热转帖卫衣贴画0842
,63,3.99,1.0,潮牌熊明星同款芬达联名烫画可爱卡通胶印男女装柯式A级过粉1720
,,1.39,0.5,卡通女孩潮流女装服装胶印人物图案贴柯式过粉热转印烫画印贴0917
,19,2.49,0.0,新款潮女装T恤卫衣小熊热转印烫画贴柯式过粉胶印 恶魔印花贴1656
,3000,6.00,0.0,春夏现货直供20色123g梭织TR涤粘布 休闲女装面料 小衫连衣裙布料
,52584,30.00,0.2778,40s兰精莫代尔面料棉氨人棉针织汗布木代尔T恤连衣裙内裤舞蹈服布
,32548,0.04,0.2174,吊牌定做高档女装商标空白吊牌 童装衣服吊牌 内衣牛皮纸挂牌定制
,19655,0.05,0.0,衣服服装吊牌定做烫金牛皮纸女装童装标签吊牌定制内衣黑吊卡卡牌
,34110,3.90,0.1364,亚光色丁现货  婚纱礼服中缎贡缎婚纱缎 75*150亚光缎纹沙丁面料
,10,10.00,0.5,2060水洗棉衬衫连衣裙时装裤子布料女装童装春夏面料
,216,32.00,0.0,40支纯棉莱卡棉面料 精梳棉拉架女装 针织t恤面料 全棉汗布现货
,26806,21.00,0.0,nr弹力布 色织罗缎 时尚nr弹力千鸟格面料 几何女装裤装布料
,79317,3.50,0.1143,36A星星纱 烫金网纱面料 亮片蓬蓬裙网布 28g冲片网纱星月纱
,2737,16.00,0.0909,纯棉田园印花布料衬衫布料连衣裙布料小清新提花碎花布艺桌布面料
,2924,15.30,0.2917,盐缩泡泡印花-20满底色小碎花印花布春夏新款女装连衣裙睡衣面料
,1299,20.00,0.0,牛奶丝满幅刺绣 雪纺印花底布 电脑镂空绣面料 婚纱旗袍礼服面料
,14026,8.99,0.3333,150D长丝四面弹 春夏薄款职业装工装西装面料 连衣裙时装布料
,23658,14.00,0.0,现货 田字格小香风色织面料 秋冬款女装大衣外套小香风毛呢面料
,3143,0.01,0.0,现货衣服吊卡定制 女装烫金挂牌设计 童装吊卡制作 服装吊牌定做
,97,15.00,0.0,几何棉粘提花面料 色织提花布 女装时装裤装连衣裙汉服服装面料
,84898,15.00,0.1333,新款棉线刺绣镂空蕾丝绣花fabric服装连衣裙辅料棉布花边打孔面料
,149164,33.00,0.2308,厂家现货全棉不倒绒  加厚绒布 保暖打底裤男女时装童装卫衣面料
,7007,5.00,0.1111,冰花皱汉服面料 古装欧根纱 闪光皱纱襦裙连衣裙大袖衫亮丝皱布料
,20989,13.50,0.1875,8020TR哔叽面料西装面料   男士韩版小西服休闲西服面料现货 TR布
express_fee,integer,price,rePurchaseRate,title
,3000,6.00,0.0,春夏现货直供20色123g梭织TR涤粘布 休闲女装面料 小衫连衣裙布料
,,5.20,0.0,天丝竹节天丝绉竹节衬衫连衣裙春夏女装面料现货供应
,18931,7.00,0.0,现货供应绉雪纺春夏女装连衣裙汉服手感柔软垂感十足可染色印花
,,38.00,,套装裙女2021新款夏装洋气刺绣t恤牛仔拼接网纱半身裙两件套a字裙
,,75.00,,2021新款时尚蕾丝花边拼接一字肩牛仔连衣裙 排扣a字短裙小个子夏
,,41.00,,高腰牛仔短裙夏季2021新款显瘦百褶a字包臀半身裙女不规则裙
,1456,1.30,0.2,金线花边水溶刺绣lace女装配饰婚纱辅料单边条码宽2cm金色花边
,34258,5.20,0.0,现货涤纶仿真丝珍珠雪纺连衣裙衬衫休闲服雪纺珠女装面料
,61877,33.00,0.125,新宏鑫金丝绒 秋冬女装旗袍连衣裙丝绒 310g涤氨弹力加厚丝绒面料
,24211,31.58,0.2857,2*2双面螺纹布 40s时尚女装泡泡罗纹 260g人棉弹力打底衫螺纹面料
,169,3.50,0.2,隆盛小熊卡通七彩熊珠片绣女装服饰搭配布贴刺绣辅料
,134,10.80,0.25,供应纯棉巴宝丽格子 女装百褶裙色织格子布 校服裙时尚半身裙面料
,705,36.00,0.0,春夏天丝锦纶提花 花朵暗纹 连衣裙汉服布料 高档女装 丝麻提花
,84,18.00,0.0,现货有光亮丝皱水波纹垂感 高档女装时装衬衫汉服布面料批发
,14075,8.00,0.625,水溶纯棉线网布刺绣领花 成品衬衫蕾丝绣花衣领 女装假领厂家直销
,77,10.00,0.25,时尚棉布花边镂空打孔刺绣米白色棉布女装领花水溶花边刺绣
,3438,20.00,0.0,春秋新款女装套装高弹力罗纹面料T/R涡流纺4*4罗纹针织面料批发
,41,9.00,0.0,厂家直销2021蕾丝面料镂空布料时尚爆款花边刺绣夏季长裙女装面料
,89,32.00,0.0,2020春夏新款  大花朵金银丝提花布 数码印花加工 童装女装连衣裙
,2108,9.70,0.0,工厂现货 百合缎品质女装衬衫汉服面料 亮丝滑梭织丝绸星光缎布料
,3000,6.00,0.0,春夏现货直供20色123g梭织TR涤粘布 休闲女装面料 小衫连衣裙布料
,,50.00,0.0,粗纺编织纹小香风大衣呢 闪亮金线交织格子呢 女装外套 箱包 鞋材
,,35.00,0.0,2022秋冬新款女装弹力针织双层提花TR千鸟格豹纹人字斜条纹圆点
,,106.62,0.0,2020春秋季中老年女装唐装民族风棉麻裙子套装大码七分袖两件套
,23,25.00,0.0,40支精棉罗纹拉架 弹力食毛罗纹布 秋冬时尚潮流女装打底衫面料
,72,18.00,0.0,库存现货全涤梭织提花鱼鳞纹女装连衣裙短裤古装戏服舞台服饰面料
,758,30.00,0.0,麻花蛇仔粗针面料 秋冬女装麦穗毛衣开衫热卖长裙舞台T恤抱枕布料
,,9.80,0.0,秋冬色织提花上衣女装裙子大风车千鸟格围巾面料 人棉黏胶涤混纺
,10,1.80,0.0,甜美大号花边珠片绣亮片布贴章字母卡通小女孩卫衣女装装饰补丁
,,25.50,0.0,现货 3*2纯涤坑条罗纹布 32支涤纶弹力坑条 春夏女装连衣裙布料
,5507,30.00,0.375,涤纶弹力网布 多色现货柔软砖块网纱 女装内搭打底衫印花底网面料
,,3.80,0.0,创豪绣品 水溶刺绣领花 服装辅料 女装衣服配饰 民族风
,9350,1.00,0.0,多色金属镶钻珍珠组合扣子女装衬衫毛衣锌合金花形高脚小香风纽扣
,,15.00,0.0,3色泡泡条子 现货供应 可做 衬衫 女装 童装 裙子等装饰品
,,6.00,0.0,绍兴工厂直销现货蕾丝全锦纶无弹高端时尚女装连衣裙蕾丝面料花边
,,30.00,0.0,秋冬TR螺纹坑条手感柔软短裙裤子女装打底衫家居服针织面料
,,26.00,0.0,2021展会时尚模特提花女装连衣裙衬衫服装面料 提花布料
,,1.90,0.0,新款英文字母珠片绣反光亮片DIY缝制女装搭配牛仔T恤包包装饰布贴
,,0.56,0.0,无纺布格子 服装店男装女装童装购物袋手大量现货
,,17.30,0.0,喷漆粉尘透气工作女装中长款防静电服工衣防护服重复使用分体短款
,3000,6.00,0.0,春夏现货直供20色123g梭织TR涤粘布 休闲女装面料 小衫连衣裙布料
,19992,708.00,1.0,女装644193190631
,18164,748.00,1.0,女装643277122131
,16878,688.00,1.0,女装643390860142
,2,10.65,0.0,服装店袋子塑料礼品包装礼品袋女装手提袋装衣服购物男装定制
,,11.43,0.5,袋子手提袋装衣服服装店定制印logo加厚磨砂装衣服塑料购物女装童
,,11.54,0.0,袋子手提袋装衣服服装店定制印logo加厚磨砂装衣服塑料购物女装童
,,6.50,0.5,加密美国网纱烫金 女装纱裙镂空网布 七彩幻彩星星纱 汉服面料
,23,29.75,0.0,防尘服立领分体连体静电衣服无尘喷漆洁净防护工作男女装工业粉尘
,,28.34,0.0,可爱女装摩托车手套冬天滑雪防水防寒保暖加绒加厚棉骑行男学生用
,14014,589.00,1.0,女装643324310839
,16475,709.00,1.0,女装643438359360
,15722,663.00,1.0,女装643202492750
,16272,728.00,1.0,女装644182558112
,14314,688.00,1.0,女装643684082594
,14416,718.00,1.0,女装644132702531
,12078,599.00,1.0,女装642900157275
,14028,718.00,1.0,女装644081723585
,13760,738.00,1.0,女装643581525117
,11824,668.00,1.0,女装643338301033
,3000,6.00,0.0,春夏现货直供20色123g梭织TR涤粘布 休闲女装面料 小衫连衣裙布料
,3240,698.00,1.0,女装642818433897
,2552,688.00,1.0,女装644349413981
,2860,765.00,1.0,女装643820304029
,2097,749.00,1.0,女装642356485513
,,11.54,0.0,袋子手提袋装衣服服装店定制印logo加厚磨砂装衣服塑料购物女装童
,23,29.75,0.0,防尘服立领分体连体静电衣服无尘喷漆洁净防护工作男女装工业粉尘
,,28.34,0.0,可爱女装摩托车手套冬天滑雪防水防寒保暖加绒加厚棉骑行男学生用
,,7.53,0.0,定制定做服装店童装购物袋塑料手提袋女装包装化妆品logo袋子
,,11.22,0.0,√胶袋饰品袋定制袋购物袋礼品袋塑料服装袋批发女装男装童装加厚
,,18.75,0.0,女装2021新款纯色薄款微透圆领T恤女短袖夏装
,3445,739.00,1.0,女装644891891407
,2007,719.00,1.0,女装644895838523
,2446,668.00,1.0,女装643953753786
,1498,799.00,1.0,女装643863238274
,1318,709.00,1.0,女装644210939649
,1974,708.00,1.0,女装645079675561
,738,788.00,0.0,女装644440921091
,1418,759.00,1.0,女装644675711861
,708,758.00,0.0,女装644456019624
,3000,6.00,0.0,春夏现货直供20色123g梭织TR涤粘布 休闲女装面料 小衫连衣裙布料
,,41.00,,高腰牛仔短裙夏季2021新款显瘦百褶a字包臀半身裙女不规则裙
,196,3.20,0.3333,隆盛刺绣 恐龙青蛙卡通双面珠片绣 亮片可翻转 童装女装贴布绣花
,,15.00,0.0,梭织缎面提花暗纹新品春夏女装连衣裙衬衫套装睡衣吊带衫汉服面料
,,2.10,0.0,新潮亮片刺绣大号花朵小号珠片绣花女装卫衣装饰修补丁贴服装辅料
,8,0.90,0.0,女装T恤水果草莓柠檬衣服热转印胶印烫画熨烫贴花烫印印贴花0843
,9,1.27,0.0,女装小清新女孩T恤印花衣服装饰贴热转印柯式过粉烫画贴图案1345
,2,2.09,0.0,女装小清新女孩T恤印花衣服装饰贴热转印柯式过粉烫画贴图案2684
,1,1.59,0.0,夏季女装T恤清凉饮料衣服热转印胶印烫画熨烫贴花烫印印贴花2554
,2,1.89,0.0,七彩笑脸女装T恤印花衣服装饰贴热转印柯式过粉烫画图案烫贴2372
,2,1.89,0.0,夏季女装T恤清凉饮料衣服热转印胶印烫画熨烫贴花烫印印贴花2364
,,1.81,0.0,韩国时尚女装数字树情侣热转印柯式烫画图案DIY衣服贴烫贴花0497
,25,1.27,0.0,夏季女装T恤清凉饮料衣服热转印胶印烫画熨烫贴花烫印印贴花1294
,13,1.32,0.5,美少女战士女装热转印花图案潮流烫画高温熨斗热转帖卫衣贴画0842
,173,16.30,0.0,新品立体涤纶泡泡大小圆圈 女装套装连衣裙短裙舞台服饰面料批发
,63,3.99,1.0,潮牌熊明星同款芬达联名烫画可爱卡通胶印男女装柯式A级过粉1720
,,1.39,0.5,卡通女孩潮流女装服装胶印人物图案贴柯式过粉热转印烫画印贴0917
,19,2.49,0.0,新款潮女装T恤卫衣小熊热转印烫画贴柯式过粉胶印 恶魔印花贴1656
,88,0.90,0.0,夏季女装T恤水果柠檬衣服热转印胶印烫画熨烫贴花烫印印贴花0848
,,0.99,0.0,美少女战士女装热转印花图案潮流烫画现货高温熨斗帖卫衣贴画0851
,3000,6.00,0.0,春夏现货直供20色123g梭织TR涤粘布 休闲女装面料 小衫连衣裙布料
,6559,21.00,0.0,绣片蕾丝面料 亮片珠片 涤纶股线花朵刺绣礼服打底衫面料 现货
,10,10.00,0.5,2060水洗棉衬衫连衣裙时装裤子布料女装童装春夏面料
,216,32.00,0.0,40支纯棉莱卡棉面料 精梳棉拉架女装 针织t恤面料 全棉汗布现货
,601,28.00,0.16,厂家二眼珠光 蝴蝶结卡通图案衬衫纽扣 树脂儿童装女时装钮扣子
,26806,21.00,0.0,nr弹力布 色织罗缎 时尚nr弹力千鸟格面料 几何女装裤装布料
,2737,16.00,0.0909,纯棉田园印花布料衬衫布料连衣裙布料小清新提花碎花布艺桌布面料
,2924,15.30,0.2917,盐缩泡泡印花-20满底色小碎花印花布春夏新款女装连衣裙睡衣面料
,1299,20.00,0.0,牛奶丝满幅刺绣 雪纺印花底布 电脑镂空绣面料 婚纱旗袍礼服面料
,23658,14.00,0.0,现货 田字格小香风色织面料 秋冬款女装大衣外套小香风毛呢面料
,97,15.00,0.0,几何棉粘提花面料 色织提花布 女装时装裤装连衣裙汉服服装面料
,84898,15.00,0.1333,新款棉线刺绣镂空蕾丝绣花fabric服装连衣裙辅料棉布花边打孔面料
,149164,33.00,0.2308,厂家现货全棉不倒绒  加厚绒布 保暖打底裤男女时装童装卫衣面料
,7007,5.00,0.1111,冰花皱汉服面料 古装欧根纱 闪光皱纱襦裙连衣裙大袖衫亮丝皱布料
,57629,4.40,0.2727,100D加密素色雪纺面料 汉服连衣裙上衣面料现货供应
,20989,13.50,0.1875,8020TR哔叽面料西装面料   男士韩版小西服休闲西服面料现货 TR布
,20781,0.05,0.0,男装吊牌女装纸卡吊牌定做服装纸吊牌吊卡箱包皮具对折卡纸吊牌
,19021,30.00,0.3,40S冰瓷棉冰感纯棉汗布 莱卡棉汗布纯棉拉架 吸湿透气冰感T恤面料
,36849,9.50,0.2424,华尔缎面料 哑光缎面色丁布 微弹绸缎连衣裙衬衫面料 仿醋酸面料
,13250,25.00,0.0769,针织加捻乱麻面料 春夏女装睡衣阔腿裤连衣裙汉服布料 多色现货
,3000,6.00,0.0,春夏现货直供20色123g梭织TR涤粘布 休闲女装面料 小衫连衣裙布料
,18166,3.20,0.1034,六角网眼布舞台汉服网纱星月网纱面料婚纱礼服面料亮片星星纱网布
,149164,33.00,0.2308,厂家现货全棉不倒绒  加厚绒布 保暖打底裤男女时装童装卫衣面料
,9359,2.30,0.3333,加工生产白色彩色水溶花边刺绣花边条码多色服装辅料面料
,1628,0.40,0.6667,女士服装纽扣七珠盘扣喜帖礼品装饰七叶扣子民主风唐装旗袍纽扣
,152255,43.00,0.225,醋酸缎面礼服布料 220g亮光垂感绸缎西装衬衫面料 连衣裙醋酸面料
,27975,5.50,0.3103,现货闪光绉纱布料冰花阳离子纱亮丝银丝绉软纱汉服大袖衫襦裙面料
,350,0.01,0.0,厂家定制服装商标女装吊牌日韩风时尚女装挂牌皮裤白卡纸挂卡定做
,17432,6.20,0.5,亮丝皱 闪光纱轻薄雪纺 春夏透气汉服衬衫连衣裙Lolita面料布料
,6948,2.50,0.1,高密色丁50*75礼服睡衣绸缎面料束口袋礼盒包装婚纱婚庆包边布 料
,724,0.46,0.3571,高档色丁布纽扣包布钮扣旗袍扣子包扣彩色小蘑菇扣批发定制装饰扣
,83495,22.00,0.1,移圈罗纹提花网眼布 纯棉婴童防蚊袜连体衣 双面提花婴儿A类面料
,1523,3.50,0.25,高密50D四面弹素色梭织里布 女装连衣裙里布布料 厂家直销现货
,56617,23.00,0.2,驰田原创新品提花JK格裙面料 JK制服校服格子布现货 来图来样订制
,5062,15.50,0.25,全涤空气层面料压花 纯色时装女装面料 全涤复合布料现货卫衣面料
,37752,10.70,0.4167,双面斜全涤毛感复合丝面料睡衣连衣裙工作制服职业装衬衫面料H898
,21933,8.00,1.0,仿真丝5075 弹力色丁布 睡衣家居服 女装 吊带里衬面料
,7256,3.50,0.3333,50D*75D有光色丁布料 女装箱包里布连衣裙婚纱礼服旗袍装饰布面料
,31016,14.00,0.2,天鹅绒 烫金天鹅绒面料 弹力天鹅绒金丝绒布婚纱家纺丝绒烫金面料
,31722,11.50,0.2963,现货棉麻网格提花面料 民族风女装连衣裙衬衫汉服棉麻提花面料
,522,22.00,0.25,新品热卖菱形镂空几何花欧根纱提花布 女装连衣裙婚纱服礼服面料
,4696,0.25,0.1714,金属背带裤扣子纽扣葫芦扣牛仔孕妇吊带女装调节扣日子扣
,42878,0.10,0.02,厂家销售 服装吊牌定做 女装吊卡印刷衣服挂牌商标定制白卡纸吊牌
,8836,13.00,0.0,厂家供应 白蓝粉印花布 时尚女装碎花裙吊带衫连衣裙服装面料
,14394,7.00,0.2308,全涤色织小格子 平纹色织格子布 服装连衣裙面料 鞋材工艺品辅料
,3565,20.00,0.1429,75D烫金雪纺面料 印花雪纺烫金布料 平纹雪纺连衣裙衬衫汉服面料
,1445,40.00,0.0,40s空气层面料 300g双面太空棉健康布 秋冬休闲外套校服针织面料
,460,22.00,0.0,现货供应T/R弹力金银丝格子金银葱西装外套连衣裙金银线时装面料
,7434,35.00,0.1765,26s新疆棉全汗布 180g全棉针织布T恤面料 紧密纺纯棉女装短袖面料
,68,9.50,0.3333,浮雕蝴蝶花全涤无弹提花面料 时尚女装连衣裙小香风女装面料
,70139,7.00,0.48,全棉仿麻竹节绉布 纯棉砂洗皱布料 春夏女装汉服面料布料现货批发
,1044,33.00,0.0,大方格弹力涤纶布 提臀裤健身服瑜伽服面料 提花弹力针织泡泡布
,79739,3.50,0.3233,超柔50D四面弹 里布里衬汉服衬衫连衣裙雪纺面料 梭织涤纶布料
,4351,25.00,0.1,现货28个色锦氨哑光高弹双面布lulu同款裸感运动文胸针织瑜伽面料
,3375,4.30,0.3333,现货布标 木梭机高档女装缎面号码标 衣服数字织唛尺码标厂家批发
,47472,0.04,0.25,空白牛皮纸吊牌定做现货 设计印刷黑卡衣服吊牌 女装吊卡纸卡
,1745,14.00,0.1667,连衣裙童装女宝宝公主纱裙 洋气蓬蓬拼接蛋糕裙子面料蕾丝面料
,5207,0.10,0.0,VOGUE现货领标订制服饰高密织唛定做 男装主唛女装卫衣袖口辅料标
,2484,11.70,0.0,全棉府绸 全棉斜纹仿天丝 连衣裙面料 175g加厚斜纹裤装衬衫布料
,1332,29.60,0.0,锦棉股线蕾丝面料 树叶花型镂空刺绣面料 春夏旗袍连衣裙婚纱面料
,5029,9.00,0.5,全涤蕾丝印花面料婚纱礼服汉服旗袍连衣裙镂空刺绣面料现货可定制
,1126,5.00,0.1875,网纱刺绣钉珠烫钻立体花朵蕾丝花边辅料婚纱礼服童装表演服装装饰
,1368,0.60,0.4,手缝燕尾玉珠一字扣盘扣旗袍扣子民族服饰辅料唐装复古纽扣
,48630,8.00,0.3333,巴黎斜面料 亮丝人字斜人字纹提花布料 亮光大袖衫连衣裙汉服面料
,13924,15.90,0.122,纯棉布料日式小碎花提花仿刺绣全棉服装手工DIY布艺裙子童装面料
,110,25.00,0.0,复古暗纹团花 中国风提花 汉服马面裙 立体欧根纱 改良旗袍面料
,36536,0.04,0.3214,旗袍亚克力玉石盘扣唐装汉服旗袍暗眼扣子偏孔云彩效果圆珠纽扣
,496,0.20,0.2308,高档天然澳洲鲍鱼贝壳纽扣天然色两眼贝壳钮扣女装衬衣有眼扣
,202,18.00,0.0,公开版织金马面裙布料 现货汉服百迭裙凤舞面料 高精密色织提花布
,73,15.50,0.2222,SPH平纹95g夏季轻薄女衬衫西装连衣裙防晒衫阔脚裤吊带裙时尚面料
,2892,31.00,0.25,厂家直销  天丝麻提花 高档春夏连衣裙衬衣服装面料 亚麻提花布料
,17371,25.00,0.3333,西达塑料彩色圆形珍珠纽扣高脚手缝扣衬衫开衫连衣裙服装扣子批发
,895,19.50,0.1818,梭织小香风格子粗花呢  粗纺毛呢布料马甲外套连衣裙欧美提花面料
,256,19.00,0.0,TR衬衫梭织面料 平纹弹力格子提花面料 女装连衣裙JK制服布料
,97,15.00,0.0,新款韩国丝印花面料春夏小碎花雪纺印花布料女装连衣裙时装面料
,610,17.50,0.0,斑点豹纹印花面料 弹力醋酸豹纹印花面料 女装连衣裙舞蹈服面料
,7710,8.90,0.0,厂家现货复合丝高弹双绉批发春夏衬衫连衣裙薄外套高弹双绉面料
,867,47.50,0.1667,全棉毛巾布女装时尚面料毛布外套面料毛巾裙子针织面料毛巾布布料
,109,12.00,0.0,女装童装缎面人丝柠檬花提花布135g柔软亲肤旗袍古装裙子汉服面料
,1806,5.50,0.3,60支9088普纱里布面料全棉巴厘纱连衣裙汉服内衬口袋平纹布
,20,12.00,0.0,柯桥厂家现货梭织衬衫面料 色织涤棉玩具套装裙装苏格兰条纹面料
,8356,9.50,0.2069,纯棉府绸印花布料 夏季薄款衬衫连衣裙服装小碎花面料全棉diy手工
,2766,40.00,0.4,40S兰精莫代尔面料 高弹拉架针织汗布 内裤内衣吊带家居服布料
,374,3.60,0.6,30D天丝雪纺面料 古装汉服裤裙布料 沙滩连衣裙面料头饰围巾布料
,92,3.70,0.0,弹力双绉花瑶绉雪纺面料单层不透古装汉服co洛丽塔手工DIY夏裙布
,81191,33.00,1.0,现货保暖内衣汗布面料 40s人棉2*2随心裁单面条纹条子汗布面料
,41123,9.50,0.3333,缎面弹力色丁布 仿真丝睡衣面料 弹力缎面里布内衬家居服布料
,329,15.00,1.0,现货蕾丝面料 蝴蝶结镂空网布花边针织提花布 连衣裙旗袍小清新风
,238,10.80,0.0,莲韵暗纹纱 仿真丝闪光雪纺面料 古风提花汉服布料 大袖衫马面裙
,14356,11.00,0.2308,弹力锦棉蕾丝面料 镂空提花蕾丝面料 绣花蕾丝布 连衣裙蕾丝布料
,1497,8.00,0.25,色织涤棉混纺1mm小细格方格面料 衬衫童装女装连衣裙家纺布料批发
,1795,16.00,0.0,薄高密斜纹竹节水洗棉 背带裙休闲裤面料 女装时尚棉布洗水棉布料
,8610,0.35,0.0,服装吊牌定做 女装男装童装内衣吊卡 衣服标签logo定制 软胶吊牌
,18306,21.00,0.0,长迈暗纹纱华服面料 杏林春燕 30D大提花长衫马面裙汉服布料
,17104,53.00,0.2273,新款羊毛精纺西服面料 春夏男女职业装裤装面料工作装西装面料
,57647,27.50,0.2857,雪纺印花绣花面料 新款棉打孔镂空刺绣布时尚女装电脑绣花面料
,9035,30.00,0.05,潮流服装布料裙子花边面料涤纶水溶个性格子刺绣布料网纱清新布料
,100337,42.00,0.35,人棉面料 40s莫代尔面料  弹力人棉布 女装内衣内裤连衣裙子布料
,10292,16.30,0.2381,全棉 高密府绸平纹 40支仿天丝布料 133x100 连衣裙衬衣衬衫面料
,8616,18.00,0.2,TR格子布料 弹力斜纹 提花格裙西装外套套装连衣裙面料现货
,9842,9.80,0.3333,全棉布料 纯棉提花面料 田园小清新女装衬衫裙子面料 童装面料
,5964,13.50,0.3333,TR色织格子布时尚女装西装面料格裙面料厂家现货供应春夏服装面料
,6948,2.50,0.1,高密色丁50*75礼服睡衣绸缎面料束口袋礼盒包装婚纱婚庆包边布 料
,4796,2.50,0.375,涤纶点点网布 多色春夏现货蚊帐网眼布 柔软圆点蓬蓬纱裙网纱面料
,670,7.50,0.25,通用单插黑白方块服装箱包吊粒现货批发挂绳吊绳 内衣女装吊牌
,180,30.00,0.0,2*2螺纹布 320克棉氨纶针织面料弹力坑条 女装时装裙子袖口罗纹布
,169,0.30,0.0556,男女装烫画现货黑白字母图案卫衣T恤烫画贴定制 T恤烫画英文字母
,5940,29.00,0.0,现货 粗花呢小香风格子面料 编织小香风毛呢布料套装连衣裙面料
,6453,16.00,0.2778,厂家批发280g全涤氨纶空气层针织面料 明星口罩卫衣连衣裙布料
,2409,9.10,0.0,巴宝丽TC色织提花面料 苏格兰格子衬衫布 连衣裙女装涤棉面料现货
,973,20.00,0.3077,仿锦纶冰丝罗纹2*2螺纹坑条凉感透气高弹布女装T恤打底衫面料
,24901,21.00,0.0,厂家现货多色弹力韩国绒布 时尚运动服针织面料舞蹈裙女服装面料
,1436,99.00,0.0,格子花秋冬服饰面料 锦纶网眼连衣裙面料 泳衣透气帽子头饰面料
,2355,30.00,0.0,厂家供应民族风色织大提花面料 女士裙装礼服旗袍外套提花布批发
,1187,19.00,0.0,厂家供应 TR色织千鸟格连衣裙裤装面料 230g时尚小西装外套面料
,2333,8.00,0.1538,双色喇叭花网纱绣花面料 现货绣花布连衣裙DIY网纱刺绣蕾丝面料
,5050,25.00,0.0,罗纹坑条针织布 涤氨弹力针织连衣裙面料 女士打底衫长袖布料
,1956,35.00,0.0,厂家供应2020秋冬新款绣花系列色织提花女装裤装服装布  罗缎面料
,4902,8.00,0.5,跨境休闲长裤13支直弹面料 牛仔裤长连衣裙单色丝绵面料 工装裤
,2261,8.60,0.0,现货小清新全棉府绸印花布 圆点印花卡通动物印花 春夏连衣裙面料
,158,35.00,1.0,棉罗纹拉架面料 双面条纹针织布 罗纹坑条童装女装罗纹针织面料
,2210,20.00,0.3333,全棉大提花 网格提花面料 民族风连衣裙童装汉服棉麻砂洗布料
,377,35.00,0.1111,纬编弹力雪尼尔针织面料 现代都市风阔腿裤女装布料 现货供应
,282,0.50,0.0,时尚金属镶钻钮扣小香风衬衫雪纺衫女装纽扣精美百搭装饰手缝纽扣
,662,1.30,0.0,现货4cm-5cm字母提花松紧带 弹力橡筋带服装裤裙腰带装饰带批发
,116,14.80,0.5,经典斜纹巴宝力格子全棉彩虹条布料苏格兰格子布料衬衫连衣裙面料
,113,39.00,0.0,现货 小滩羊   20mm长毛卷曲绒 女装箱包鞋材羊卷毛 面料
,342,35.00,0.0,可定制马面布料提花布料织金妆花马面裙面料汉唐古装免费打样
,117,20.00,0.0,休闲经典40*21双股牛津纺衬衣面料 纯棉素色牛津纺衬衫连衣裙布料
,147,14.00,0.0,春夏季新款涤氨粗针网布弹力皱皱布针织面料女装童装布料
,118,9.80,0.0,珠片烫钻刺绣立体绣花diy服装装饰辅料3d网纱蕾丝布贴花朵现货
,1620,12.00,0.0,厂家供应 全棉精梳工艺巴厘纱90*88 府绸面料 女装裙子衬衫布料
,1117,1.65,0.0,菱形彩色服饰辅料镂空棉布电脑绣花布料厂家现货批发服装花边辅料
,547,7.50,0.3333,泡泡布 弹力格子布 泡泡格子布 朝阳格 女装童装格子长裙面料
,461,23.00,0.0,40支精棉螺纹食毛布 1*1纯棉弹力罗纹蚀毛布 春夏打底衫背心面料
,699,28.50,0.5,JK制服裙百褶裙格子面料 厂家现货批发格子布 可按图定制大小
,50,10.00,0.0,锦氨弹力蕾丝面料，内衣泳衣女装上衣连衣裙童装面料现货供应
,187,16.00,0.3333,新款轻薄叶子蕾丝面料 经编针织无弹蕾丝 时尚少女装裙装面料
,48,16.00,0.0,顺连色织提花 条纹布 女士衬衫 连衣裙面料 2021款春夏服装面料
,57647,27.50,0.2857,雪纺印花绣花面料 新款棉打孔镂空刺绣布时尚女装电脑绣花面料
,95,20.00,0.2308,厂家批发中国祥云提花牛仔布料服装面料水洗加厚裤子外套裙子
,38,15.00,0.0,现货供应TC涤棉色织磨毛格子布料 jk裙子百褶裙衬衫面料 厂家直销
,46,15.00,0.0,抓毛蕾丝面料 几何刺绣弹力小香风针织套装布料 锦纶连衣裙面料
,2258,36.00,0.0,春夏旗袍连衣裙汉服裤装面料 纯苎麻数码小花印花布料 批发直供
,67,20.00,0.0,厂家直销2020年新款梭织色织提花面料高经密缎面时装礼服旗袍布料
,41,44.80,0.0,现货供应 2x2纯棉坑条 弹力针织坑条罗纹 薄款吊带打底童装面料
,1811,25.00,0.4,铭瑞针织新疆棉40支莫代尔 精梳人棉汗布打底衫面料 人棉针织面料
,52,40.00,0.0,爆款 羊绒针织 时尚提花面料 女装优选布料 现货厂家直销
,11128,8.00,0.0,提花网眼布 涤纶金银丝网布 蚊帐布箱包网纱面料 演出服婚纱面料
,20487,8.00,0.1111,闪光棉金光棉变色棉 春夏连衣裙衬衫面料 时尚休闲裤休闲服布料
,33,45.00,0.0,新品薄款130克华夫格针织面料涤棉凹凸格子纹男女装休闲服装面料
,118,22.50,0.0,全棉格子衬衫时装面料 欧美街头女装连衣裙色织格子布料 现货
,1388,15.00,0.0,涤氨弹力乱麻针织布75D加捻乱麻布 200g校服连衣裙阔腿裤针织面料
,75,1.00,0.5,190/260克 全涤2x2罗纹拉架 高弹力2*2罗纹布 春夏T恤打底衫面料
,10,3.50,0.0,厂家供应 米兰网特密锦纶网纱布网眼布裙纱女装服面料 新款
,28,11.50,0.0,小提花面料 乱麻棉布面料 服装衬衫连衣裙服装面料 梭织面料
,36,32.00,0.0,2*2打底衫婴童面料 弹力罗纹随心裁针织布 坑条睡衣内衣针织面料
,8,6.50,0.0,涤氨玫瑰花蕾丝面料 涤氨蕾丝布料 玫瑰花连衣裙蕾丝面料
,11,5.50,0.0,厂家直销2018新款碎花蕾丝面料 春季薄款全涤无弹针织女装布料
,13,13.00,0.0,全棉色织竖条 色织条纹布  高端衬衫 连衣裙休闲面料 现货供应
,,11.10,0.0,现货 JK制服格子面料 春夏百褶裙衬衫布料220g全涤色织格子面料
,,30.00,0.0,40支弹力元气罗纹坑条女装人棉针织布料T恤打底背心螺纹面料现货
,,20.00,0.0,现货供应 全 棉40s弹力 色织格子衬衫布 男女装格子衬衫 服装面料
,,37.15,0.0,文艺春夏大码女装棉麻减龄小西装宽松休闲薄款显瘦西服防晒衣外套
,,29.00,0.0,粗纺麻布 编织纹香风面料 色织毛呢 服装 女包 鞋材大量现货批发
,,9.80,0.0,全棉提花布料 纱罗泡泡条纹提花面料 夏季纯棉家居服睡裙衬衫布料
,,22.20,0.0,热销全棉色织小格子面料 男女装时尚格子衬衫面料厂家批发MY99004
,,37.00,0.0,春夏款针织提花字母提花面料女装童装裤子上衣裙子布料
,,59.00,0.0,单面锦纶提花针织面料春夏商务休闲T恤男女POLO衫连衣裙弹力布
,,30.00,0.2,1*1螺纹双面随心裁 170g弹力人棉T恤女装罗文针织布料 随意裁面料
,,7.00,0.0,中式平板尼龙提花织锦缎面料中国风家具靠垫唐装汉服戏服旗袍寿衣
,,155.00,0.0,厂家现货新款银珠刺绣蕾丝面料婚纱伴娘礼服演出服装衣裙花边批发
,,1.00,0.3333,外贸烫画工厂 秋冬女装热销烫画图案logo 热转印贴画贴纸加 工
,,32.00,0.0,莫代尔随心裁2×2螺纹布 190g人棉拉架弹力罗纹面料 打底衫坑条布
,26,43.00,0.0,50支莫代尔1*1随心裁 夏季童装 女装面膜t面料 170克莫代尔随心裁
,,8.00,0.0,厂价销售白色弹力蕾丝面料 弹力蕾丝面料 时尚女装婚纱内衣面料
,,8.00,0.0,经典红黑金线中长格子面料 黑红JK裤裙衬衫格纹面料厂家直销
,,30.00,0.0,2*2人棉拉架罗纹面料 40S支轻薄细坑条罗纹布 春夏打底衫背心面料
,,20.00,1.0,涤棉色织提花竹节经典格子面料女装童装休闲衬衫吊带衫诸暨织布厂
,,1.00,0.0,服装辅料织带松紧带 春夏女装连衣裙腰带辅料2cm金银彩丝锦纶织带
,9018,22.00,1.0,人字暗纹提花/数码印花定制布料加工热转印/连衣裙礼服面料105#
,,10.00,1.0,双色点子泡泡纱梭织涤纶欧根纱色织提花布起皱女装童装衬衣裙面料
,,9.80,0.0,全棉提花布料 纱罗泡泡条纹提花面料 夏季纯棉家居服睡裙衬衫布料
,,155.00,0.0,厂家现货新款银珠刺绣蕾丝面料婚纱伴娘礼服演出服装衣裙花边批发
,2960,3.50,0.0769,梭织棉布雪纺印花 人棉面料印花 女装裙子面料 数码印花加工定制
,2616,8.30,0.0,现货 梭织21支斜纹磨毛绒布提花面料 色织格子布料衬衫裤装连衣裙
,1057,12.50,0.0,蕾丝花边批发面料内衣连衣裙镂空蕾丝面料多规格高弹蕾丝辅料
,,9.50,0.0,织锦缎尼龙海浪花布料 唐装旗袍汉服工艺品古装面料75cm横幅
,1013,6.90,0.0,涤棉格子布朝阳格 泡泡格 小清新童装女装衬衫裙子面料
,,11.50,0.0,锦棉股线蕾丝面料 无弹网布镂空磨毛高档婚纱辅料diy秋冬服装绣花
,466,12.00,1.0,现货供应 春夏热销裙装面料 人棉印花 优质人造棉印花 手感柔软
,2179,4.30,0.1176,75d珍珠雪纺面料春夏季涤纶垂感乔其纱乱麻里布 裙子衬衫汉服布料
,,11.40,0.0,现货直销全棉剪花布 时尚女装童装衬衫面料 点点花 休闲服装面料
,2481,13.00,0.0,JK制服格子面料定制网红JK涤棉布料日韩女装百褶裙面料色织格子布
,2500,15.00,0.0,新款格子布料 JK制服学院百褶裙衬衫面料 山楂树JK格子成品格子布
,9242,10.00,0.0,现货 全棉白底提花印花布 纯棉衬衫童装连衣裙睡衣面料 印花棉布
,33,11.00,0.0,JK制服格裙 格子面料 领带发饰 帽子包袋格子面料宠物格子面料
,4696,0.25,0.1714,金属背带裤扣子纽扣葫芦扣牛仔孕妇吊带女装调节扣日子扣
,4104,3.00,0.1111,灰玛瑙珠扣 玉石纽扣直销 天然宝石纽扣生产工厂 高档旗袍扣子
,79739,3.50,0.3233,超柔50D四面弹 里布里衬汉服衬衫连衣裙雪纺面料 梭织涤纶布料
,135,0.06,1.0,金属钮扣 锌合金内衣扣 文胸肩带吊带调节扣 金银枪黑黑色089字扣
,16910,15.00,0.0,厂家批发透明亚克力U型置物架折弯珠宝首饰展示架眼镜高跟鞋托架
,,155.00,0.0,厂家现货新款银珠刺绣蕾丝面料婚纱伴娘礼服演出服装衣裙花边批发
,,20.00,0.0,现货供应 全 棉40s弹力 色织格子衬衫布 男女装格子衬衫 服装面料
,5895,3.50,0.3333,网纱面料批发锦纶加强网透气网眼布服装裙装柔软婚纱礼服布料
,,25.00,0.0,2*2人棉单面罗纹布 26s支人棉喷气纺针织面料 吊带打底衫T恤面料
,,20.00,0.5,莫代尔1*1罗纹随心裁布料 春夏T恤打底衫家居服人棉弹力针织面料
,,29.00,0.0,粗纺麻布 编织纹香风面料 色织毛呢 服装 女包 鞋材大量现货批发
,,18.50,0.0,进口金银丝流星雨条纹闪光布料 礼服旗袍箱包面料 醋酸流星雨面料
,3661,0.46,0.25,铜质金属扣子 钮扣专卖 复古风格 男女装大衣毛衣外套纽扣15-30MM
,,20.00,1.0,涤棉色织提花竹节经典格子面料女装童装休闲衬衫吊带衫诸暨织布厂
,,7.00,0.0,新款21S色织格子布 TC涤棉磨毛格子面料 女装童装衬衫朝阳格面料
,,9.80,0.0,全棉提花布料 纱罗泡泡条纹提花面料 夏季纯棉家居服睡裙衬衫布料
,,18.00,0.0,竹节丝罗纹针织面料  时尚t恤 清凉背心吊带衫 防晒衫居家服面料
,1210,55.00,0.0,2021粉红色连衣裙精细欧美高档婚纱礼服内衣珠子亮片绣花蕾丝面料
,,6.00,0.25,绍兴厂家现货23色锦纶 微弹梭织布 外套女风衣布轻奢休闲女裤面料
,,20.00,0.0,现货供应涤麻棉竹节色织布梭织棉麻涤棉条纹面料复古女装男装家纺
,,11.80,0.0,韩版小清新格子布 色织提花格子面料 春夏女装休闲服连衣裙用布
,,30.00,0.0,40支弹力元气罗纹坑条女装人棉针织布料T恤打底背心螺纹面料现货
,8531,67.98,0.2857,2021新款缎面三醋酸布料 醋酸衬衫面料 连衣裙布料现货批发定制
,25,5.89,0.3333,厂家现货 加密仿真丝色丁面料四面弹力睡衣衬衫家居服连衣裙面料
,7851,97.00,0.3333,众诚 桑蚕丝布料圆点弹力缎19姆米140幅裙子衬衫波点真丝印花面料
,1063,13.80,1.0,梭织 人棉提花面料 45支印花府绸布 2021春夏裙子服装 粘纤面料
,,12.14,,鞣牛皮皮衣橱柜门真皮把手拉手柜子抽屉防撞北欧皮质植榻榻米加厚
,39680,0.02,0.0345,生产双插服装吊粒衣服男女装童装吊粒服饰家纺箱包弹头吊粒定制
,205423,0.10,0.4372,现货批发袜子袋衣服包装袋内衣文胸PE拉链袋打底裤内裤袋可订做
,19567,0.02,0.2414,厂家现货供应环属内衣调节扣文胸肩带合金配件089扣日字少毛刺
,434072,0.33,0.1871,牛皮纸袋手提袋定制手拎包装礼品袋礼物服装店衣服女装订做印logo
,265002,0.43,0.2549,现货棉布花边 纯棉棉布刺绣 服装蕾丝内衣花边辅料 白色 宽4.2cm
,337133,0.26,0.5886,快递包装厂家服装文胸打包邮政盒现货批发定做三层特硬飞机盒
,125294,0.10,0.5632,文威包装 E瓦空白纸盒批发服装文胸包装飞机盒定做快递打包飞机盒
,22063,0.04,0.3556,现货供应 内衣塑料调节插扣 日系JK领结扣配件  文胸泳装黑白对扣
,135220,0.29,0.1538,厂家批发kdd拉链3号隐形拉链 闭尾尼龙服装女裙枕套旗袍抱枕拉链
,32395,0.10,0.0,塑料手提袋定做logo购物pe包装服装童装礼品化妆袋数码厂家现货pe
,77467,0.01,0.1613,厂家出货PE磨砂拉链袋服装内衣打底裤蝴蝶结包装袋现货批发塑料袋
,62407,0.44,0.0909,定制服装拉链袋 透明磨砂文胸内衣收纳袋EVA磨砂包装袋自封拉链袋
,72141,0.25,0.4912,厂家批发抽绳束口袋pe防尘袋子 打底裤内衣包装抽绳袋定制定做
,88245,0.27,0.4755,现货服装飞机盒定制文胸快递包装服装纸箱小盒子三层瓦楞牛皮纸
,96615,0.48,0.1062,现货5cm鱼尾纱丝带花束鲜花包装蝴蝶结丝带拷边纱波浪鞋帽子飘带
,61888,0.10,0.1,现货批发服装拉链袋定制pe透明塑料自封袋加厚eva磨砂衣服包装袋
,51107,24.00,0.1939,童装女装店外卖店袋子定制印logo卡通磨砂手提袋包装袋eva抽绳袋
,22891,8.90,0.0,pvc镭射皮革把手提袋时尚透明购物袋化妆袋幻彩伴手礼品袋可定制
,5590,14.00,0.2083,欧版服装手提袋手提袋女装购物袋服装塑料袋透明手提袋袋子服装店
,128964,3.82,0.1699,塑料手提袋礼品包装袋女装服装店袋子童装衣服购物袋胶袋批发定制
,47,20.00,0.2,锦纶尼龙仿尼龙双面绒 内裤打底裤裤腰用眼罩松
,194,3.43,0.0,现货盘扣纱袋丝巾收纳袋围巾纱布包装袋旗袍纱袋整理袋35x35cm
,10513,43.20,0.1875,拉架2*2罗纹面料 卫衣下摆袖口螺纹布 弹力坑条打底衫面料 罗纹布
,9727,4.20,0.0,棉布数码印花面料加工定制 全棉数码印花春夏唐装汉服连衣裙布料
,18447,15.00,0.2,厂家供应 涤纶扁平吊带 起重扁平吊装带  工业扁平吊装带
,113839,1.01,0.4038,厂家直销 立体花朵雪纺花边 蕾丝多色现货 diy手工服装辅料配饰
,7105,3.90,0.0,阳离子袖里里布 色织格子提花男装女装里料条子布布 厂家供应
,1235,10.00,0.0556,定制深圳快递飞机盒批发彩印文胸服装礼品盒纸箱盒特硬彩色包装盒
,84400,1.60,0.5194,自粘PU皮革大荔枝纹修补皮衣裤包鞋沙发补丁贴布贴遮瑕疵长方形
,1164,1.00,0.1,厂家鞋盒纸盒定制 包装盒 男鞋女鞋现货天地盖定做 运动鞋盒批发
,96615,0.48,0.1062,现货5cm鱼尾纱丝带花束鲜花包装蝴蝶结丝带拷边纱波浪鞋帽子飘带
,12853,70.00,0.2143,迅利吊装强度韧性好起重吊带 涤纶扁平吊带 5T5M扁平吊装带可定制
,3422,24.00,0.2069,热销亮面四面弹PU镜面服装革 水洗超柔环保弹力pu皮革皮裙打底裤
,1316,7.00,0.0,现货供应新品亮片立体绣花婚纱旗袍装饰服装辅料大补丁贴手工
,11509,38.00,0.3404,宠物防咬手套60CM全里全皮加长防抓伤全真皮电焊治炼全手隔热防火
,5830,6.74,0.0,现货素色SPH消光破卡 130g涤纶雪纺汉服布料 连衣裙衬衫雪纺面料
,1588,2.11,0.2381,大飞机盒45cm长衣服盒E坑瓦楞特硬现货飞机盒服装女装包装盒定制
,2682,4.20,0.1538,纯手工民族苗族葫芦吊坠纯色珍珠服装流苏DIY布艺家居花边辅料
,133,0.24,0.1667,三层E瓦空白服装文胸飞机包装盒/飞机盒定做快递盒子打包纸盒批发
,244501,1.60,0.1412,实力厂家批发防走光贴双面胶固定文胸肩带衬衫领口隐形透明胸贴
,9900,10.00,0.0,厂家定制凯夫拉芳纶纤维工业吊带起重吊装带1/2/3/5/6/10吨T扁平
,4141,1.80,0.2778,现货车骨对花刺绣车骨蕾丝辅料贴花窗花diy 演出服饰彩色车骨对花
,261,2.70,0.3333,爱心桃心多色双面可翻转亮片刺绣布贴章AB面女装DIY绣花服装辅料
,11130,1.30,0.3119,中硬美国网网纱面料网眼布料婚纱裙蓬蓬裙伴手礼装饰布置礼盒包装
,1356,56.00,0.0,TPU透明肩带5MM6MM隐形内衣吊带文胸带挂衣带弹力松紧带隐形肩带
,40390,3.00,0.4118,无纺布袋假发防尘袋可定做尺寸假发袋现货假发防尘罩厂家小西装袋
,2064,0.65,0.1667,空白飞机盒彩色文胸包装盒定制logo定做尺寸瓦楞纸箱牛皮纸飞机盒
,2405,0.22,0.2222,小菊花束口袋磨砂pe拉绳袋穿绳袋袜子内衣收纳袋打底裤服装包装袋
,24793,0.18,0.2292,1.5cm棉线花边 定制批发 家纺服装辅料 窗帘花边 水溶蕾丝花边
,32003,0.28,0.2982,厂家现货棉线花边 DIY家纺服装辅料沙发窗帘帽子棉线花边材料批发
,2196,20.00,0.0,牛皮电焊防护围裙工厂定制焊工隔热防烫防火阻燃电焊防护工作皮衣
,1193,0.26,0.0,1.5公分彩色多色厂家直销舞蹈裙牙边月牙弹力带花边松紧带
,5710,0.27,0.2174,西装时装羊绒外套小西装女士棉垫肩批发时装肩垫肩棉肩衬厂家供应
,826,45.00,0.2857,爆款棉线花边 小狗牙沙发垫花边 夏被棉花边 家纺服装辅料批发
,24797,0.08,0.2574,现货衣服文胸自封口罩包装袋 pe透明磨砂女士泳衣内裤服装拉链袋
,1025,0.25,0.1429,厂家定制女士胸罩文胸内衣包装收纳袋 服装自立自封拉链袋定做
,261,2.70,0.3333,爱心桃心多色双面可翻转亮片刺绣布贴章AB面女装DIY绣花服装辅料
,3061,0.48,0.0,厂家供应蕾丝刺绣花边 棉线网布水溶花边 婚礼手工花边白
,154291,0.18,0.3281,厂家批发3号尼龙隐形拉链布边蕾丝 黑白彩色现货抱枕靠垫裙裤拉链
,1156,6.20,0.3333,臻美绣品服装辅料时尚珠绣亮片V领花布贴衣服补丁热熔韩版假领子
,3259,21.00,0.0,冰丝罗纹布料 2*2坑条冰丝螺纹布 网红连衣裙抖抖裤针织凉感面料
,1235,10.00,0.0556,定制深圳快递飞机盒批发彩印文胸服装礼品盒纸箱盒特硬彩色包装盒
,11130,1.30,0.3119,中硬美国网网纱面料网眼布料婚纱裙蓬蓬裙伴手礼装饰布置礼盒包装
,672,0.56,0.25,现货特硬彩盒饰品飞机盒T2/T4/JK服装扁平彩色覆膜文胸内衣包装盒
,1193,0.26,0.0,1.5公分彩色多色厂家直销舞蹈裙牙边月牙弹力带花边松紧带
,6033,2.50,0.0796,志诺原创衬衫连衣裙刺绣徽章 洛丽塔服饰小物饰品 洋装绣花胸针
,4423,5.50,0.2,工业吊带 起重涤纶吊装带1吨5T扁平吊装绳白色双扣环形吊带可定制
,35014,0.90,0.0526,厂家现货供应各尺寸尼龙双面绒松紧带内裤打底裤裤腰用眼罩松紧带
,140,1.49,0.0,厂家批发/现货 1.4CM本白色棉线花边小条码 抱枕沙发配饰花边批发
,1782,2.60,0.2143,白色立体钉珠蕾丝花朵贴花婚纱礼服童装舞台演出辅料蕾丝花片定制
,2303,3.70,0.5,创豪绣品 花朵孔雀布贴水溶刺绣绣花花边
,282,35.00,0.0,新款DEAN&amp;DELUCA帆布包时尚便携手提袋斜跨小包女包DD帆布袋限定
,173,3.85,0.25,厂家手工服装袖口钉珠家纺辅料 DIY裙子箱包袖口织带配饰条码花边
,1410,1.70,0.0,透明简约学生考试笔袋大容量网格网纱文具袋多功能收纳袋化妆袋
,13016,0.38,0.0,PE冲孔袋定做服装日用品化妆店包装袋子礼品手拎女装店塑料袋定做
,3594,0.60,0.1429,厂家直销纱带边0.6cm珍珠花边民族风diy服装辅料配料现货优惠供应
,5561,0.58,0.0,现货批发覆膜袋子服装袋包装袋无纺布手提袋无纺布袋加印LOGO
,3224,0.05,0.1176,美芬塑身衣5mm钢骨婚纱定型支撑条金属内衣鱼鳞骨加工定制
,24797,0.08,0.2574,现货衣服文胸自封口罩包装袋 pe透明磨砂女士泳衣内裤服装拉链袋
,112822,4.79,0.3577,小飞机盒白色纸箱批发定制定做印刷服装文胸纸盒快递打包装盒
,2621,1.43,0.3,厂家直销6cm裙头木耳花边松紧带裤裙腰头波浪纹织带荷叶芽边现货
,83,2.79,0.0625,可爱小熊卡通系列男装女装T恤卫衣diy烫画贴A级过粉现货烫图1657
,4218,9.00,0.3333,鹏祥工业吊装带扁平起重吊带1吨2吨3吨5吨双扣行车吊装带吊车吊带
,125294,0.10,0.5632,文威包装 E瓦空白纸盒批发服装文胸包装飞机盒定做快递打包飞机盒
,21035,0.21,0.3846,磨砂拉链袋 印刷警示语服装拉链袋 T恤打底裤包装袋 透明拉链袋
,8039,0.30,0.3175,织带团扇包边提花花边民族菱形辅料花服装家纺DIY装饰带现货批发
,1003,0.21,0.1538,卡卡美背裹胸通用款拉链口包装袋内衣内裤抹胸塑料服装袋厂家批发
,213,0.50,0.0833,新年促现货4cm梦幻三根纱迷糊娃娃褶皱花边饰品装饰打折花DIY材料
,9361,0.10,0.0833,厂家供应白色扁平吊装带 加厚双扣起重吊带拖车绳吊索具
,95,14.50,0.0,厂家直供剪花印花小碎花涤纶凹凸花纹印染田园连衣裙服装布料
,86893,0.22,0.2774,现货彩色飞机盒 白色牛皮纸纸盒 黑色文胸包装盒T5特硬瓦楞盒定制
,11079,0.25,0.2192,内裤包装袋 女士收腹安全打底裤内衣自封拉链包装塑料袋子 可定制
,938,0.39,0.125,现货手作钉珠刺绣蕾丝花边 洛丽塔婚纱头纱裙摆服装辅料 窗帘花边
,2426,5.04,0.5,箱包五金配件 合金锁扣 女包拧锁 DIY手作金属按扣 工厂批发订制
,470,1.11,0.1111,文胸内衣不干胶封口透明塑料opp包装袋 PE磨砂拉链袋印刷加印logo
,30,0.22,0.0,彩色丙纶S形织带 波浪花边 服装辅料床上用品DIY配件 5MM
,75,0.10,0.0,透明磨砂拉链袋衣服内衣自封袋服装收纳袋袜子打底裤包装袋定制
,127,12.50,0.0,进口工业剪钳6寸尖嘴钳5寸水口钳剪塑胶披风专用剪钳钳子铜线剪
,34,0.55,0.0,打底裤毛巾包装袋一体裤T恤男女内衣蕾丝睡衣磨砂情趣透明服装袋
,24793,0.18,0.2292,1.5cm棉线花边 定制批发 家纺服装辅料 窗帘花边 水溶蕾丝花边
,78,0.27,0.0,现货EVA磨砂拉链袋34*22文胸内衣袜子自封夹链袋包装袋子定制LOGO
,490,6.80,0.2857,服装毛条辅料毛毛边皮草DIY饰品手工装饰材料 蕾丝仿狐狸毛花边
,29694,100.00,0.1667,4腿吊装带组合吊索具2T 4叉组合吊带索具 吊装带成套索具1T5T
,2780,0.05,0.4231,厂家定做游泳裤比基尼浪贴 透明不干胶浪底贴 内裤卫生贴纸
,2861,0.90,0.2,高档服装店手提袋网红透明购物礼品包装袋pvc男女装衣服袋子定制
,1600,0.10,0.0,服装店袋子订做印logo化妆品手提袋定制女童装衣服鞋盒塑料包装袋
,9523,48.00,0.5,厂家定做箱包鞋材编织皮革人造革PU编织革手袋女鞋PU镂空皮定制
,289,12.00,0.125,薄款仿尼龙带氨纶双面毛绒高弹松紧带 文胸下摆 外露尼龙裤头带
,,70.00,0.0,前帮机配件、外撑台、内撑台 七字架、底座、男鞋和女鞋款均有
,4964,6.50,0.2,厂家现货销售儿童孕妇裤扣眼松紧带 黑白钩编可调节松紧带
,13,7.82,0.0,补贴破洞修补丁贴自粘衣服自粘布皮料皮衣贴打补丁雨衣雨裤裤子
,1638,10.00,0.5,亮片八字蕾丝菱形镭射花边 水溶织带舞台服装演出辅料装饰边8001#
,3185,7.30,0.3684,新品简约手提购物袋卡通帆布防水饭盒便当包化妆袋 定做帆布袋
,2404,0.06,0.12,供应批发diy羽毛硬大飘羽毛婚庆婚纱幼儿手工装饰材料面具羽毛
,19,6.62,0.0,超宽8厘米裤腰松紧带辅料diy高腰腰封裤子裙子高弹力字母橡筋带厚
,21,3.30,0.0,扁平吊装带白色尼龙吊装带厂家现货直销耐磨防腐双耳吊带扁平吊带
,185,14.50,0.0,厂家直销新款柔软弹力TR格子面料 短裙衬衫连衣裙服装布料批发
,6510,15.50,0.339,软 纯棉梭织包边布 3cm全棉包边布条薄 包服装蕾丝裙宝宝棉绸衣服
,952,20.00,0.0,面包-超人格子行李袋幼儿园被褥收纳袋妈咪袋手提袋
,355,0.30,0.0,PE塑料手提袋礼品化妆品腕袋 服装购物袋吊带袋pvc包装袋定制logo
,1770,0.47,0.3548,T1-T6飞机盒定做物流打包服装包装盒文胸皮带彩色饰品邮政纸箱
,1368,0.90,0.5455,梅花刺绣带胶布贴小号补丁贴腊梅花旗袍绣片DIY材料服装辅料
,1218,0.60,0.4,隐形文胸硅胶一片式胸贴淘宝天猫婚纱实体店代理代发包装彩盒
,1348,10.00,0.0,涤纶披肩刺绣蕾丝假领子 立体镂空树叶网纱领花 衬衣领口服装辅料
,42,0.30,0.0,厂家直营 打底裤包装袋 袜子内衣多用包装 男女内裤打底裤 自封袋
,29,27.30,0.0,夏季新品 彩棉高领护肩中老年保暖颈椎男女空调房坎肩产后小背心
